date,score,qqq_change,spy_change,vix,gold_change,tnx_change,usdjpy_change,recommend,next_day_qqq,result
2021-11-23,50,-44.8611,-39.4344,19.38,-58.4439,-64.5244,-27.9383,スタンダード,0.32,Win
2021-11-24,65,0.322,0.267,18.58,-0.0957,-1.3197,0.3058,スタンダード,0.0,Lose
2021-11-25,55,0.0,0.0,18.58,0.0,0.0,0.2319,テクノロジーチャレンジ,-1.9,Lose
2021-11-26,25,-1.8959,-2.2303,28.62,-0.1616,-9.9088,-0.2937,ゴールド,2.17,Lose
2021-11-29,70,2.1702,1.2267,22.96,-0.1379,3.2389,-1.1732,テクノロジーチャレンジ,-1.47,Lose
2021-11-30,25,-1.4686,-1.9458,27.19,-0.6722,-5.6863,0.0747,ゴールド,-1.7,Win
2021-12-01,15,-1.7013,-1.1107,31.12,0.3988,-0.6237,-0.4437,ゴールド,0.72,Lose
2021-12-02,45,0.7207,1.5316,27.95,-0.5537,0.9763,-0.3681,ゴールド,-1.74,Win
2021-12-03,15,-1.7389,-0.8701,30.67,0.8412,-7.2514,0.124,ゴールド,0.8,Lose
2021-12-06,40,0.8013,1.1843,27.18,-0.2461,6.7759,0.0177,ゴールド,3.01,Lose
2021-12-07,70,3.0114,2.0685,21.89,0.3549,3.2078,0.368,テクノロジーチャレンジ,0.45,Win
2021-12-08,60,0.4474,0.2648,19.9,0.054,1.9595,0.0591,スタンダード,-1.47,Lose
2021-12-09,40,-1.4714,-0.6752,21.58,-0.6111,-1.4579,0.1401,逆チャレンジ,1.09,Lose
2021-12-10,65,1.087,0.9413,18.69,0.422,0.1345,-0.2076,テクノロジーチャレンジ,-1.44,Lose
2021-12-13,40,-1.4447,-0.8858,20.31,0.2521,-4.3653,0.0467,逆チャレンジ,-1.04,Win
2021-12-14,40,-1.035,-0.688,21.89,-0.9341,0.9831,0.067,逆チャレンジ,2.28,Lose
2021-12-15,75,2.2797,1.5625,19.29,0.4292,1.7385,0.1461,テクノロジーチャレンジ,-2.57,Lose
2021-12-16,20,-2.5715,-0.8819,20.57,1.2098,-2.8025,0.3455,逆チャレンジ,-0.5,Win
2021-12-17,40,-0.4989,-1.4107,21.57,-0.2141,-1.4065,-0.4144,ゴールド,-1.1,Win
2021-12-20,35,-1.0964,-1.0633,22.87,-0.4231,1.2126,-0.1276,逆チャレンジ,2.24,Lose
2021-12-21,70,2.238,1.7759,21.01,-0.0419,4.7921,0.1269,テクノロジーチャレンジ,1.22,Win
2021-12-22,65,1.2179,0.9999,18.63,0.94,-2.0175,0.2921,テクノロジーチャレンジ,0.75,Win
2021-12-23,60,0.7539,0.6222,17.96,0.2254,2.4708,0.1114,テクノロジーチャレンジ,0.0,Lose
2021-12-24,55,0.0,0.0,17.96,0.0,0.0,0.2953,テクノロジーチャレンジ,1.65,Win
2021-12-27,65,1.6527,1.4152,17.68,0.2367,-0.8038,-0.1092,テクノロジーチャレンジ,-0.46,Lose
2021-12-28,45,-0.4635,-0.0817,17.54,-0.431,0.0,0.4015,テクノロジーチャレンジ,-0.01,Lose
2021-12-29,50,-0.0149,0.1279,16.95,-0.0297,4.1864,-0.0165,テクノロジーチャレンジ,-0.3,Lose
2021-12-30,45,-0.2988,-0.2765,17.33,0.7177,-1.8146,0.1525,テクノロジーチャレンジ,-0.62,Lose
2021-12-31,45,-0.6245,-0.252,17.22,0.6832,-0.198,0.1001,テクノロジーチャレンジ,0.96,Win
2022-01-03,60,0.9627,0.579,16.6,-1.5384,7.672,0.0687,テクノロジーチャレンジ,-1.3,Lose
2022-01-04,40,-1.2971,-0.0335,16.91,0.7367,2.457,0.1615,逆チャレンジ,-3.07,Win
2022-01-05,25,-3.0721,-1.9202,19.73,-0.3008,2.2182,0.7336,逆チャレンジ,-0.07,Win
2022-01-06,40,-0.0703,-0.0939,19.61,-1.2244,1.6422,-0.0396,ゴールド,-1.08,Win
2022-01-07,40,-1.0833,-0.3954,18.76,0.4551,2.1927,-0.2265,逆チャレンジ,0.07,Lose
2022-01-10,55,0.0658,-0.1244,19.4,0.304,0.5082,-0.2132,テクノロジーチャレンジ,1.5,Win
2022-01-11,60,1.5022,0.9108,18.41,1.2065,-1.9101,-0.2941,テクノロジーチャレンジ,0.4,Win
2022-01-12,65,0.3966,0.2704,17.62,0.2643,-1.2028,0.046,テクノロジーチャレンジ,-2.5,Lose
2022-01-13,25,-2.5016,-1.3779,20.31,-0.3397,-0.8116,-0.5688,逆チャレンジ,0.62,Lose
2022-01-14,60,0.6223,0.0409,19.19,-0.288,3.5652,-0.4857,スタンダード,0.0,Lose
2022-01-17,55,0.0,0.0,19.19,0.0,0.0,0.1647,テクノロジーチャレンジ,-2.49,Lose
2022-01-18,20,-2.4894,-1.771,22.79,-0.165,5.2483,0.2318,逆チャレンジ,-1.1,Win
2022-01-19,35,-1.0984,-1.0384,23.85,1.5881,-2.0375,-0.0148,逆チャレンジ,-1.3,Win
2022-01-20,25,-1.2988,-1.1068,25.59,-0.2499,0.3284,-0.1807,ゴールド,-2.77,Win
2022-01-21,10,-2.7729,-1.9631,28.85,-0.3262,-4.6918,-0.3096,ゴールド,0.46,Lose
2022-01-24,45,0.4578,0.4247,29.9,0.5494,-0.6869,-0.1825,ゴールド,-2.32,Win
2022-01-25,0,-2.3181,-1.2209,31.16,0.3197,2.7666,0.1986,ゴールド,-0.16,Win
2022-01-26,10,-0.1565,-0.2509,31.96,-1.6166,3.6455,-0.1193,ゴールド,-1.01,Win
2022-01-27,15,-1.0071,-0.4938,30.49,-1.2898,-2.2186,0.7429,ゴールド,3.14,Lose
2022-01-28,60,3.1369,2.4835,27.66,-0.2983,-1.3835,0.55,ゴールド,3.2,Lose
2022-01-31,75,3.1978,1.8011,24.83,0.5925,0.0,-0.078,テクノロジーチャレンジ,0.68,Win
2022-02-01,55,0.6803,0.6757,21.96,0.0833,1.0101,-0.1223,スタンダード,0.81,Win
2022-02-02,60,0.8125,0.9714,22.09,0.3626,-1.8889,-0.3344,スタンダード,-4.05,Lose
2022-02-03,20,-4.0544,-2.3505,24.35,-0.1421,3.4541,-0.3085,逆チャレンジ,1.26,Lose
2022-02-04,55,1.2615,0.4702,23.22,0.1542,5.6377,0.5027,テクノロジーチャレンジ,-0.8,Lose
2022-02-07,40,-0.8044,-0.3209,22.86,0.7403,-0.7254,0.2323,ゴールド,1.12,Lose
2022-02-08,55,1.1235,0.8228,21.44,0.3057,1.9833,-0.1397,テクノロジーチャレンジ,2.12,Win
2022-02-09,80,2.1191,1.4636,19.96,0.3399,-1.2794,0.4067,テクノロジーチャレンジ,-2.26,Lose
2022-02-10,20,-2.2633,-1.7966,23.91,-0.3797,5.2877,0.0615,逆チャレンジ,-3.17,Win
2022-02-11,5,-3.1722,-1.9719,27.36,1.9055,-3.742,0.3849,ゴールド,0.12,Lose
2022-02-14,30,0.1239,-0.3269,28.33,0.5351,2.0972,-0.399,ゴールド,2.49,Lose
2022-02-15,55,2.4864,1.6127,25.7,-0.95,2.4549,-0.0415,ゴールド,-0.03,Win
2022-02-16,45,-0.0253,0.1121,24.29,1.0284,0.0978,0.0857,スタンダード,-2.97,Lose
2022-02-17,5,-2.9744,-2.1361,28.11,1.3668,-3.6639,-0.2145,ゴールド,-1.14,Win
2022-02-18,25,-1.1405,-0.6475,27.75,-0.0733,-2.0284,-0.4515,ゴールド,0.0,Lose
2022-02-21,35,0.0,0.0,27.75,0.0,0.0,0.0827,ゴールド,-1.0,Win
2022-02-22,25,-1.0044,-1.0732,28.81,0.2089,0.8282,-0.3062,ゴールド,-2.56,Win
2022-02-23,0,-2.5615,-1.7739,31.02,0.4507,1.4887,0.4249,ゴールド,3.36,Lose
2022-02-24,50,3.3604,1.5049,30.32,-0.645,-0.4047,-0.172,ゴールド,1.55,Lose
2022-02-25,45,1.5507,2.2064,27.59,-0.3331,0.8634,0.5857,ゴールド,0.3,Lose
2022-02-28,20,0.2979,-0.2559,30.15,1.0365,-7.4018,0.0121,ゴールド,-1.53,Win
2022-03-01,10,-1.5311,-1.523,33.32,1.8163,-7.1778,-0.4386,ゴールド,1.68,Lose
2022-03-02,30,1.6779,1.8396,30.74,-1.0406,9.256,-0.2129,ゴールド,-1.43,Win
2022-03-03,15,-1.4285,-0.4978,30.48,0.5953,-1.126,0.5974,ゴールド,-1.45,Win
2022-03-04,10,-1.4492,-0.8125,31.98,1.5929,-6.5076,-0.039,ゴールド,-3.69,Win
2022-03-07,0,-3.6881,-2.9479,36.45,1.4863,1.5661,-0.4538,ゴールド,-0.46,Win
2022-03-08,5,-0.4648,-0.7582,35.13,2.7359,6.9103,0.368,ゴールド,3.6,Lose
2022-03-09,45,3.5998,2.6811,32.45,-2.9711,4.0598,0.3025,ゴールド,-1.11,Win
2022-03-10,10,-1.1105,-0.4516,30.23,0.3121,3.2341,0.1616,ゴールド,-2.07,Win
2022-03-11,0,-2.0738,-1.2715,30.75,-0.7028,-0.3481,0.2329,ゴールド,-1.92,Win
2022-03-14,13,-1.9205,-0.7308,31.77,-1.5074,6.7864,1.162,ゴールド,3.14,Lose
2022-03-15,60,3.1367,2.199,29.83,-1.8705,0.9346,0.5862,ゴールド,3.71,Lose
2022-03-16,55,3.7087,2.2174,26.67,0.6261,1.2963,0.0626,ゴールド,1.21,Lose
2022-03-17,45,1.2106,1.2511,25.67,0.4889,0.1828,0.4886,ゴールド,2.05,Lose
2022-03-18,75,2.0468,0.7822,23.87,-0.879,-2.0073,-0.323,テクノロジーチャレンジ,-0.4,Lose
2022-03-21,35,-0.4012,-0.0292,23.53,0.7641,7.7747,0.6558,ゴールド,1.97,Lose
2022-03-22,55,1.9653,1.1701,22.94,-0.7251,2.5054,0.2775,テクノロジーチャレンジ,-1.44,Lose
2022-03-23,38,-1.4371,-1.2878,23.57,1.366,-2.1913,1.4599,逆チャレンジ,2.22,Lose
2022-03-24,75,2.2227,1.5074,21.67,0.726,0.8617,-0.1755,テクノロジーチャレンジ,-0.08,Lose
2022-03-25,48,-0.0834,0.4884,20.81,-0.4095,6.4502,1.0064,スタンダード,1.55,Win
2022-03-28,65,1.5472,0.7113,19.63,-1.8204,-0.6019,-0.0621,テクノロジーチャレンジ,1.72,Win
2022-03-29,68,1.721,1.2371,18.9,0.0447,-3.1086,1.1368,テクノロジーチャレンジ,-1.1,Lose
2022-03-30,45,-1.1046,-0.6175,19.33,0.8038,-1.75,-0.4326,逆チャレンジ,-1.24,Win
2022-03-31,40,-1.2395,-1.5391,20.56,0.0388,-1.3147,-0.8966,逆チャレンジ,-0.19,Win
2022-04-01,50,-0.1903,0.2834,19.63,-0.6366,2.1487,-0.2172,スタンダード,2.06,Win
2022-04-04,75,2.0589,0.8567,18.57,0.4847,1.4724,0.7014,テクノロジーチャレンジ,-2.22,Lose
2022-04-05,20,-2.2204,-1.2631,21.03,-0.6265,5.9702,0.1623,逆チャレンジ,-2.17,Win
2022-04-06,20,-2.1711,-0.9999,22.1,0.2343,2.0736,0.6897,逆チャレンジ,0.24,Lose
2022-04-07,55,0.2378,0.5039,21.55,0.3785,1.6481,0.0542,スタンダード,-1.4,Lose
2022-04-08,35,-1.3979,-0.2674,21.16,0.6266,2.3002,0.3015,逆チャレンジ,-2.37,Win
2022-04-11,20,-2.3657,-1.7092,24.37,0.4959,2.4696,0.2329,逆チャレンジ,-0.42,Win
2022-04-12,40,-0.4224,-0.3705,24.26,0.7677,-1.9784,0.8739,ゴールド,2.03,Lose
2022-04-13,75,2.0327,1.1454,21.82,0.4789,-1.3945,-0.0446,テクノロジーチャレンジ,-2.29,Lose
2022-04-14,20,-2.2867,-1.2452,22.7,-0.3304,5.2475,-0.0311,逆チャレンジ,0.0,Lose
2022-04-15,50,0.0,0.0,22.7,0.0,0.0,0.6397,テクノロジーチャレンジ,0.08,Win
2022-04-18,55,0.0768,0.0411,22.17,0.3097,1.2023,0.3479,スタンダード,2.24,Win
2022-04-19,70,2.2351,1.6143,21.37,-1.5113,1.782,0.3791,テクノロジーチャレンジ,-1.46,Lose
2022-04-20,43,-1.4584,-0.0742,20.32,0.4895,-2.506,1.7585,逆チャレンジ,-2.07,Win
2022-04-21,20,-2.0691,-1.4954,22.68,-0.3558,2.7113,-1.0206,逆チャレンジ,-2.62,Win
2022-04-22,10,-2.6186,-2.7439,28.21,-0.9722,-0.3771,0.3086,ゴールド,1.28,Lose
2022-04-25,45,1.2846,0.5798,27.02,-1.7971,-2.7529,0.1534,ゴールド,-3.77,Win
2022-04-26,0,-3.7745,-2.8961,33.52,0.1525,-1.9108,-0.6695,ゴールド,-0.12,Win
2022-04-27,20,-0.1198,0.2812,31.6,-0.7557,1.6595,-0.3742,ゴールド,3.55,Lose
2022-04-28,55,3.5516,2.5259,29.99,0.5398,1.5969,0.8863,ゴールド,-4.5,Win
2022-04-29,3,-4.4999,-3.6956,33.4,-0.0113,0.8383,1.8825,ゴールド,1.67,Lose
2022-05-02,30,1.6696,0.6019,32.34,-1.854,3.7755,-0.6116,ゴールド,0.11,Lose
2022-05-03,45,0.1068,0.4584,29.25,0.2649,-1.2016,0.0777,ゴールド,3.38,Lose
2022-05-04,60,3.3812,3.0453,25.42,0.9823,-1.4527,0.0031,ゴールド,-5.04,Win
2022-05-05,0,-5.0364,-3.5543,31.2,-0.3811,5.108,-0.6863,ゴールド,-1.2,Win
2022-05-06,10,-1.1981,-0.5969,30.19,0.1656,1.8591,0.8567,ゴールド,-3.91,Win
2022-05-09,0,-3.9127,-3.2017,34.75,-1.4479,-1.4089,0.3215,ゴールド,1.21,Lose
2022-05-10,35,1.2149,0.2311,32.99,-0.8445,-2.7931,-0.2845,ゴールド,-2.97,Win
2022-05-11,0,-2.9658,-1.5886,32.56,0.8167,-2.4056,-0.0199,ゴールド,-0.24,Win
2022-05-12,15,-0.2364,-0.1044,31.77,-1.5334,-3.5604,-0.3958,ゴールド,3.71,Lose
2022-05-13,55,3.706,2.3908,28.87,-0.811,4.1889,-0.9605,ゴールド,-1.16,Win
2022-05-16,25,-1.1592,-0.4058,27.47,0.9538,-1.9761,0.6564,ゴールド,2.59,Lose
2022-05-17,55,2.5901,2.057,26.1,-0.6279,3.163,-0.3933,ゴールド,-4.91,Win
2022-05-18,0,-4.909,-4.0312,30.96,0.0531,-2.7628,0.4119,ゴールド,-0.54,Win
2022-05-19,20,-0.5358,-0.6125,29.35,1.4697,-1.0741,-1.1896,ゴールド,-0.31,Win
2022-05-20,35,-0.3108,0.0437,29.43,0.0698,-2.3818,-0.0641,ゴールド,1.66,Lose
2022-05-23,40,1.6627,1.871,28.48,0.465,2.5834,0.0555,ゴールド,-2.13,Win
2022-05-24,10,-2.1262,-0.7634,29.45,0.7522,-3.4627,-0.0446,ゴールド,1.4,Lose
2022-05-25,45,1.3995,0.8835,28.37,-0.603,-0.3985,-0.8424,ゴールド,2.77,Lose
2022-05-26,60,2.7707,1.9981,27.5,-0.1849,0.2546,0.3021,ゴールド,3.26,Lose
2022-05-27,60,3.264,2.4549,25.72,0.0521,-0.4717,-0.0842,ゴールド,0.0,Lose
2022-05-30,35,0.0,0.0,25.72,0.0,0.0,0.1889,ゴールド,-0.27,Win
2022-05-31,20,-0.2653,-0.5611,26.19,-0.9893,3.6821,0.392,ゴールド,-0.74,Win
2022-06-01,20,-0.7396,-0.8089,25.69,0.6369,3.0591,0.745,ゴールド,2.74,Lose
2022-06-02,73,2.7386,1.9043,24.72,1.2309,-0.6141,1.0766,テクノロジーチャレンジ,-2.6,Lose
2022-06-03,20,-2.6019,-1.6412,24.79,-1.0152,1.5105,-0.1568,逆チャレンジ,0.33,Lose
2022-06-06,40,0.3331,0.3045,25.07,-0.4404,2.7393,0.6073,ゴールド,0.86,Lose
2022-06-07,63,0.8626,0.9592,24.02,0.6518,-2.1725,1.1239,スタンダード,-0.72,Lose
2022-06-08,35,-0.7197,-1.0872,23.96,-0.0925,1.9179,0.5077,ゴールド,-2.68,Win
2022-06-09,13,-2.6785,-2.3783,26.09,-0.3183,0.4952,1.1916,ゴールド,-3.53,Win
2022-06-10,0,-3.5271,-2.8996,27.75,1.3412,3.6794,-0.0089,ゴールド,-4.65,Win
2022-06-13,0,-4.6496,-3.7968,34.02,-2.6412,6.654,0.2946,ゴールド,0.18,Lose
2022-06-14,20,0.1815,-0.3013,32.69,-0.8003,3.4759,-0.4369,ゴールド,2.5,Lose
2022-06-15,55,2.4972,1.4256,29.62,1.3051,-2.5266,0.7964,ゴールド,-4.03,Win
2022-06-16,0,-4.0346,-3.3096,32.95,1.1243,-2.592,-0.8714,ゴールド,1.22,Lose
2022-06-17,25,1.216,-0.2155,31.13,-0.8223,-2.0562,-1.2631,ゴールド,0.0,Lose
2022-06-20,28,0.0,0.0,31.13,0.0,0.0,2.156,ゴールド,2.33,Lose
2022-06-21,45,2.3263,2.5174,30.19,-0.3737,2.0994,-0.1397,ゴールド,-0.15,Win
2022-06-22,25,-0.1459,-0.1813,28.95,0.3985,-4.5661,0.875,ゴールド,1.49,Lose
2022-06-23,45,1.4893,0.9803,29.05,-0.6129,-2.7883,-0.1798,ゴールド,3.43,Lose
2022-06-24,55,3.4264,3.1794,27.23,-0.0998,1.8579,-0.8704,ゴールド,-0.73,Win
2022-06-27,20,-0.7332,-0.382,26.95,-0.1117,2.208,0.1646,ゴールド,-3.05,Win
2022-06-28,10,-3.0467,-2.0433,28.36,-0.1648,0.3757,0.2762,ゴールド,0.09,Lose
2022-06-29,35,0.0917,-0.0814,28.16,-0.0766,-3.5246,0.4519,ゴールド,-1.24,Win
2022-06-30,25,-1.2403,-0.8124,28.71,-0.6077,-3.9121,0.3984,ゴールド,0.66,Lose
2022-07-01,45,0.6601,1.0577,26.7,-0.0831,-2.7927,-0.5879,ゴールド,0.0,Lose
2022-07-04,35,0.0,0.0,26.7,0.0,0.0,-0.5472,ゴールド,1.71,Lose
2022-07-05,45,1.712,0.1889,27.54,-2.121,-2.7691,0.5902,ゴールド,0.64,Lose
2022-07-06,40,0.6412,0.3377,26.73,-1.5842,3.7024,-0.2348,ゴールド,2.14,Lose
2022-07-07,55,2.1399,1.4977,26.08,0.0555,3.2612,0.3284,ゴールド,0.13,Lose
2022-07-08,45,0.1254,-0.0823,24.64,0.0432,3.0918,-0.039,テクノロジーチャレンジ,-2.14,Lose
2022-07-11,10,-2.1364,-1.1424,26.17,-0.5361,-3.5472,0.2855,ゴールド,-0.97,Win
2022-07-12,25,-0.9687,-0.8849,27.29,-0.3717,-1.1033,0.7975,ゴールド,-0.21,Win
2022-07-13,25,-0.2061,-0.5252,26.82,0.4788,-1.8256,-0.4818,ゴールド,0.36,Lose
2022-07-14,30,0.3571,-0.2428,26.4,-1.4047,1.9284,0.6597,ゴールド,1.81,Lose
2022-07-15,60,1.8139,1.9105,24.23,-0.2008,-1.0135,0.9729,テクノロジーチャレンジ,-0.85,Lose
2022-07-18,20,-0.8463,-0.8257,25.3,0.0943,1.0239,-0.4699,ゴールド,3.08,Lose
2022-07-19,70,3.0753,2.7019,24.5,0.2387,1.9932,-0.0614,テクノロジーチャレンジ,1.59,Win
2022-07-20,60,1.5857,0.6373,23.88,-0.9402,0.5631,-0.0275,テクノロジーチャレンジ,1.44,Win
2022-07-21,55,1.4355,1.0183,23.11,1.411,-4.1502,0.1476,テクノロジーチャレンジ,-1.75,Lose
2022-07-22,40,-1.7535,-0.9278,23.03,0.2496,-4.3643,-0.9372,逆チャレンジ,-0.57,Win
2022-07-25,45,-0.5696,0.1215,23.36,-0.2739,1.3295,-0.5733,スタンダード,-1.96,Lose
2022-07-26,40,-1.9649,-1.1831,24.69,-0.1186,-1.1702,0.0873,逆チャレンジ,4.23,Lose
2022-07-27,70,4.226,2.5966,23.24,1.0185,-1.9017,0.3951,テクノロジーチャレンジ,0.98,Win
2022-07-28,55,0.9778,1.2542,22.33,1.2185,-1.9386,-0.6272,スタンダード,1.82,Win
2022-07-29,60,1.8237,1.4579,21.33,0.2811,-1.4547,-1.2593,テクノロジーチャレンジ,-0.06,Lose
2022-08-01,40,-0.0602,-0.2961,22.84,0.5667,-1.3626,-0.7366,ゴールド,-0.3,Win
2022-08-02,35,-0.2982,-0.6597,23.93,-0.5938,5.1804,-1.3755,ゴールド,2.72,Lose
2022-08-03,78,2.7233,1.5659,21.95,0.2438,0.2554,1.3734,テクノロジーチャレンジ,0.47,Win
2022-08-04,45,0.4676,-0.0676,21.44,1.654,-2.6201,0.4371,テクノロジーチャレンジ,-0.82,Lose
2022-08-05,35,-0.8169,-0.169,21.15,-1.1246,6.1285,-1.001,ゴールド,-0.32,Win
2022-08-08,43,-0.3232,-0.1161,21.29,0.847,-2.6408,1.8368,テクノロジーチャレンジ,-1.13,Lose
2022-08-09,35,-1.1319,-0.3971,21.77,0.306,1.1573,-0.1607,逆チャレンジ,2.79,Lose
2022-08-10,80,2.7911,2.1004,19.74,-0.2512,-0.3933,0.2573,テクノロジーチャレンジ,-0.57,Lose
2022-08-11,40,-0.5676,0.0,20.2,-0.2638,3.6612,-1.7435,ゴールド,1.95,Lose
2022-08-12,65,1.9471,1.6929,19.53,0.9198,-1.3504,0.1235,テクノロジーチャレンジ,0.81,Win
2022-08-15,65,0.8081,0.4121,19.95,-1.2867,-2.0358,0.2211,スタンダード,-0.23,Lose
2022-08-16,50,-0.2342,0.1959,19.69,-0.175,1.1824,-0.1088,スタンダード,-1.14,Lose
2022-08-17,40,-1.1406,-0.7098,19.9,-0.6468,2.4433,0.8517,逆チャレンジ,0.24,Lose
2022-08-18,65,0.2405,0.2906,19.56,-0.2616,-0.4494,0.4967,スタンダード,-1.95,Lose
2022-08-19,35,-1.9497,-1.3438,20.6,-0.7321,3.7847,0.6306,逆チャレンジ,-2.63,Win
2022-08-22,20,-2.6327,-2.0822,23.8,-0.6637,1.6059,0.9176,逆チャレンジ,-0.08,Win
2022-08-23,40,-0.0827,-0.2419,24.11,0.6991,0.5598,0.3685,ゴールド,0.29,Lose
2022-08-24,55,0.2897,0.3201,22.82,0.2949,1.7027,-0.5911,スタンダード,1.77,Win
2022-08-25,60,1.7682,1.4118,21.78,0.3063,-2.5757,0.2545,テクノロジーチャレンジ,-4.1,Lose
2022-08-26,10,-4.0988,-3.3849,25.56,-1.2153,0.2974,-0.3779,ゴールド,-0.99,Win
2022-08-29,20,-0.9856,-0.6612,26.21,0.0618,2.4712,0.7008,ゴールド,-1.11,Win
2022-08-30,25,-1.1136,-1.0978,26.21,-0.8341,0.0,0.7824,ゴールド,-0.58,Win
2022-08-31,25,-0.5814,-0.7609,25.87,-0.7725,0.7395,0.0996,ゴールド,0.04,Lose
2022-09-01,40,0.0434,0.3138,25.56,-0.879,4.2132,0.4051,ゴールド,-1.41,Win
2022-09-02,25,-1.4128,-1.0544,25.47,0.8805,-2.2052,0.5635,ゴールド,0.0,Lose
2022-09-05,35,0.0,0.0,25.47,0.0,0.0,0.2898,ゴールド,-0.72,Win
2022-09-06,20,-0.7182,-0.3773,26.91,-0.5839,4.6038,-0.0406,ゴールド,2.02,Lose
2022-09-07,73,2.0201,1.7965,24.64,1.0169,-2.2455,1.9376,テクノロジーチャレンジ,0.52,Win
2022-09-08,60,0.5184,0.6536,23.61,-0.6002,0.827,0.6825,スタンダード,2.19,Win
2022-09-09,75,2.1862,1.5535,22.79,0.5284,0.8809,-0.1887,テクノロジーチャレンジ,1.19,Win
2022-09-12,55,1.1886,1.0748,23.87,0.5068,1.2346,-0.8759,テクノロジーチャレンジ,-5.48,Lose
2022-09-13,5,-5.4837,-4.3482,27.27,-1.3011,1.7847,-0.0077,ゴールド,0.79,Lose
2022-09-14,48,0.7933,0.3816,26.16,-0.3848,-0.2922,1.2757,ゴールド,-1.67,Win
2022-09-15,20,-1.6654,-1.1353,26.27,-1.8679,1.3775,-1.0256,ゴールド,-0.61,Win
2022-09-16,25,-0.6115,-1.1689,26.3,0.5549,-0.318,0.3093,ゴールド,0.6,Lose
2022-09-19,40,0.5979,0.7755,25.76,0.077,1.2181,-0.4185,ゴールド,-0.8,Win
2022-09-20,20,-0.7971,-1.1479,27.16,-0.5707,2.3209,0.3208,ゴールド,-1.79,Win
2022-09-21,25,-1.7906,-1.7444,27.99,0.4643,-1.7082,0.2646,ゴールド,-1.23,Win
2022-09-22,20,-1.2308,-0.84,27.35,-0.0578,5.641,0.4972,ゴールド,-1.63,Win
2022-09-23,25,-1.6282,-1.6755,29.92,-1.7277,-0.2967,-1.4108,ゴールド,-0.41,Win
2022-09-26,10,-0.4138,-0.9893,32.26,-1.1633,4.8959,0.8652,ゴールド,0.04,Lose
2022-09-27,20,0.0401,-0.2553,32.6,0.205,2.2176,0.6606,ゴールド,1.99,Lose
2022-09-28,30,1.9892,1.9676,30.18,2.0787,-6.5338,0.1606,ゴールド,-2.88,Win
2022-09-29,0,-2.8828,-2.0889,31.84,-0.0194,1.1336,-0.2025,ゴールド,-1.7,Win
2022-09-30,10,-1.6957,-1.5464,31.62,0.0065,1.5212,0.0229,ゴールド,2.35,Lose
2022-10-03,45,2.346,2.6401,30.1,2.431,-4.0221,0.2666,ゴールド,3.14,Lose
2022-10-04,55,3.1441,3.0987,29.07,1.4328,-0.9312,-0.2051,ゴールド,-0.05,Win
2022-10-05,20,-0.0532,-0.2328,28.55,-0.5538,3.9259,-0.5065,ゴールド,-0.79,Win
2022-10-06,10,-0.7873,-1.0316,30.52,-0.1126,1.7824,0.4604,ゴールド,-3.81,Win
2022-10-07,0,-3.8104,-2.7894,31.36,-1.0963,1.4898,0.4084,ゴールド,-1.0,Win
2022-10-10,15,-0.9996,-0.7635,32.45,-1.5201,0.1288,0.3054,ゴールド,-1.37,Win
2022-10-11,10,-1.3738,-0.6333,33.63,-0.2058,1.3117,0.132,ゴールド,-0.03,Win
2022-10-12,15,-0.0343,-0.3298,33.57,0.5349,-0.9393,0.1345,ゴールド,2.35,Lose
2022-10-13,45,2.3452,2.6391,31.94,-0.6924,1.2814,0.5944,ゴールド,-3.01,Win
2022-10-14,0,-3.0057,-2.2789,32.02,-1.2459,1.4676,0.3789,ゴールド,3.3,Lose
2022-10-17,50,3.3021,2.5697,31.37,0.2876,0.1247,0.9091,ゴールド,0.79,Lose
2022-10-18,35,0.7908,1.175,30.5,0.2151,-0.4234,0.2281,ゴールド,-0.36,Win
2022-10-19,10,-0.3647,-0.7086,30.76,-1.3398,3.2266,0.1598,ゴールド,-0.51,Win
2022-10-20,20,-0.5102,-0.8385,29.98,-0.1582,2.3988,0.4102,ゴールド,2.34,Lose
2022-10-21,55,2.3448,2.4301,29.69,1.7828,-0.3076,0.2369,ゴールド,1.1,Lose
2022-10-24,45,1.1001,1.2236,29.85,-0.3244,0.4985,-1.5695,ゴールド,2.07,Lose
2022-10-25,60,2.0686,1.5969,28.46,0.2278,-2.9759,0.7225,ゴールド,-2.21,Win
2022-10-26,10,-2.2096,-0.7534,27.28,0.6364,-2.2639,-0.6092,ゴールド,-1.82,Win
2022-10-27,25,-1.8206,-0.534,27.39,-0.1549,-1.9427,-1.2475,ゴールド,3.06,Lose
2022-10-28,55,3.0601,2.3791,25.75,-1.0211,1.8542,0.0958,ゴールド,-1.16,Win
2022-10-31,23,-1.1628,-0.7223,25.88,-0.8161,1.6708,1.0514,ゴールド,-1.02,Win
2022-11-01,20,-1.0218,-0.4376,25.81,1.0203,-0.6132,0.6258,ゴールド,-3.43,Win
2022-11-02,10,-3.4277,-2.5096,25.86,-0.6973,0.1728,-0.5527,ゴールド,-1.95,Win
2022-11-03,20,-1.9535,-1.0297,25.3,-0.3806,1.6014,-0.0155,ゴールド,1.61,Lose
2022-11-04,55,1.6085,1.4393,24.55,3.0696,0.7759,0.3388,テクノロジーチャレンジ,1.1,Win
2022-11-07,55,1.0994,0.9566,24.35,-0.3962,1.3956,-1.0459,テクノロジーチャレンジ,0.73,Win
2022-11-08,40,0.7287,0.5395,25.54,2.3099,-2.0883,-0.1478,ゴールド,-2.31,Win
2022-11-09,10,-2.3076,-2.0602,26.09,-0.5017,0.6059,-0.9064,ゴールド,7.38,Lose
2022-11-10,70,7.3789,5.4954,23.53,3.0444,-7.7572,0.6291,テクノロジーチャレンジ,1.84,Win
2022-11-11,60,1.8426,0.9679,22.52,0.6606,-0.4179,-3.0607,テクノロジーチャレンジ,-0.88,Lose
2022-11-14,35,-0.8751,-0.8507,23.73,0.2188,1.3638,-1.5388,ゴールド,1.38,Lose
2022-11-15,60,1.3838,0.8529,24.54,0.3517,-1.7076,0.4027,テクノロジーチャレンジ,-1.36,Lose
2022-11-16,40,-1.3649,-0.7629,24.11,-0.2296,-2.8165,-0.8208,逆チャレンジ,-0.22,Win
2022-11-17,35,-0.2207,-0.306,23.93,-0.7267,2.2481,0.2569,ゴールド,0.0,Lose
2022-11-18,55,0.0035,0.454,23.12,-0.6894,1.1391,0.7824,スタンダード,-1.03,Lose
2022-11-21,40,-1.0287,-0.3636,22.36,-0.559,0.1833,-0.1132,逆チャレンジ,1.44,Lose
2022-11-22,63,1.4403,1.3457,21.29,0.1174,-1.7516,1.3155,テクノロジーチャレンジ,1.0,Win
2022-11-23,60,1.0037,0.6302,20.35,0.6232,-1.3837,-0.6636,テクノロジーチャレンジ,0.0,Lose
2022-11-24,50,0.0,0.0,20.35,0.0,0.0,-1.3297,テクノロジーチャレンジ,-0.66,Lose
2022-11-25,40,-0.6578,-0.0224,20.5,0.0858,-0.4048,-0.4846,ゴールド,-1.47,Win
2022-11-28,40,-1.4673,-1.5957,22.21,-0.7903,0.3251,0.3586,逆チャレンジ,-0.76,Win
2022-11-29,35,-0.757,-0.1718,21.89,0.494,1.2152,-0.2739,ゴールド,4.56,Lose
2022-11-30,70,4.5586,3.1501,20.58,1.2782,-1.2006,0.0187,テクノロジーチャレンジ,0.12,Win
2022-12-01,50,0.1227,-0.0736,19.84,1.8385,-4.6989,-0.999,テクノロジーチャレンジ,-0.4,Lose
2022-12-02,45,-0.3983,-0.1154,19.06,-0.3456,-0.6517,-1.6082,テクノロジーチャレンジ,-1.68,Lose
2022-12-05,35,-1.6783,-1.7989,20.75,-1.7159,2.6526,-0.4994,逆チャレンジ,-2.07,Win
2022-12-06,28,-2.072,-1.4415,22.17,0.2737,-2.3896,1.6189,逆チャレンジ,-0.41,Win
2022-12-07,40,-0.4083,-0.1701,22.68,0.9039,-2.9889,0.1712,ゴールド,1.18,Lose
2022-12-08,55,1.1835,0.7834,22.29,0.0842,2.4354,-0.3689,テクノロジーチャレンジ,-0.64,Lose
2022-12-09,35,-0.6377,-0.747,22.83,0.3544,2.177,0.1708,ゴールド,1.26,Lose
2022-12-12,55,1.2551,1.4417,25.0,-0.8261,1.2335,0.0717,テクノロジーチャレンジ,1.08,Win
2022-12-13,55,1.075,0.757,22.55,1.7081,-3.0463,0.5793,テクノロジーチャレンジ,-0.74,Lose
2022-12-14,40,-0.7414,-0.6394,21.14,-0.2433,0.0571,-1.3963,ゴールド,-3.36,Win
2022-12-15,25,-3.3576,-2.4462,22.83,-1.6359,-1.513,-0.1741,逆チャレンジ,-0.95,Win
2022-12-16,43,-0.9535,-1.6323,22.62,0.8709,0.9275,1.7754,テクノロジーチャレンジ,-1.64,Lose
2022-12-19,35,-1.6408,-0.848,22.42,-0.2818,2.8432,-0.7702,逆チャレンジ,-0.08,Win
2022-12-20,40,-0.0778,0.1368,21.48,1.6594,2.8763,0.2231,ゴールド,1.45,Lose
2022-12-21,60,1.4506,1.4952,20.07,-0.1656,0.0,-3.725,テクノロジーチャレンジ,-2.45,Lose
2022-12-22,25,-2.4465,-1.4266,21.97,-1.2085,-0.4072,0.3624,逆チャレンジ,0.22,Lose
2022-12-23,55,0.2249,0.5752,20.87,0.2998,2.2349,-0.0098,スタンダード,0.0,Lose
2022-12-26,50,0.0,0.0,20.87,0.0,0.0,0.3271,テクノロジーチャレンジ,-1.41,Lose
2022-12-27,35,-1.4138,-0.3944,21.65,0.843,2.9059,-0.0196,逆チャレンジ,-1.32,Win
2022-12-28,40,-1.3203,-1.2428,22.14,-0.4506,0.6995,0.5438,逆チャレンジ,2.44,Lose
2022-12-29,75,2.4375,1.8,21.44,0.5598,-1.3378,0.4105,テクノロジーチャレンジ,-0.06,Lose
2022-12-30,35,-0.0601,-0.2634,21.67,0.4679,1.1473,-0.8341,ゴールド,0.0,Lose
2023-01-02,50,0.0,0.0,21.67,0.0,0.0,-1.5581,テクノロジーチャレンジ,-0.68,Lose
2023-01-03,40,-0.676,-0.421,22.9,0.8371,-2.2171,-0.039,ゴールド,0.48,Lose
2023-01-04,60,0.4764,0.772,22.01,0.9412,-2.2146,0.3471,スタンダード,-1.57,Lose
2023-01-05,40,-1.5654,-1.1413,22.46,-1.2451,0.2966,0.7604,逆チャレンジ,2.76,Lose
2023-01-06,70,2.7602,2.2932,21.13,1.8707,-4.0591,0.8023,テクノロジーチャレンジ,0.65,Win
2023-01-09,50,0.6473,-0.0567,21.97,0.2245,-1.457,-1.084,テクノロジーチャレンジ,0.85,Win
2023-01-10,55,0.8464,0.7013,20.58,0.3676,2.9571,-0.1009,スタンダード,1.73,Win
2023-01-11,60,1.73,1.2648,21.09,-0.0687,-1.8503,0.2824,テクノロジーチャレンジ,0.54,Win
2023-01-12,60,0.5404,0.3641,18.83,1.1568,-2.9544,-0.1506,スタンダード,0.69,Win
2023-01-13,55,0.6881,0.388,18.35,1.2002,1.7976,-2.0697,スタンダード,0.0,Lose
2023-01-16,55,0.0,0.0,18.35,0.0,0.0,-0.8872,テクノロジーチャレンジ,0.2,Win
2023-01-17,55,0.2029,-0.1832,19.36,-0.6545,0.6836,0.2304,テクノロジーチャレンジ,-1.3,Lose
2023-01-18,40,-1.3,-1.5788,20.34,-0.2872,-4.5262,-0.0312,逆チャレンジ,-0.98,Win
2023-01-19,35,-0.9824,-0.728,20.52,1.5869,0.6519,0.2011,ゴールド,2.74,Lose
2023-01-20,75,2.7367,1.8629,19.85,-0.3335,2.5611,-0.1315,テクノロジーチャレンジ,2.22,Win
2023-01-23,75,2.2216,1.1999,19.81,0.1896,1.1768,0.7665,テクノロジーチャレンジ,-0.2,Lose
2023-01-24,45,-0.2042,-0.1073,19.2,0.3619,-1.5887,0.9609,テクノロジーチャレンジ,-0.22,Lose
2023-01-25,55,-0.2219,0.0375,19.08,0.4604,-0.2018,-0.2741,スタンダード,1.95,Win
2023-01-26,65,1.9497,1.099,18.73,-0.9055,0.8954,-0.7694,テクノロジーチャレンジ,1.0,Win
2023-01-27,65,0.9954,0.2298,18.51,-0.1393,0.7157,0.4356,スタンダード,-2.02,Lose
2023-01-30,30,-2.0219,-1.2547,19.94,-0.2567,0.938,0.0416,逆チャレンジ,1.5,Lose
2023-01-31,65,1.4986,1.4703,19.4,0.3636,-0.6195,0.4813,テクノロジーチャレンジ,2.14,Win
2023-02-01,75,2.1384,1.0628,17.87,1.2597,-3.7404,-0.2828,テクノロジーチャレンジ,3.59,Win
2023-02-02,80,3.589,1.4557,18.73,-2.0752,-0.0294,-1.1437,テクノロジーチャレンジ,-1.78,Lose
2023-02-03,40,-1.7772,-1.0629,18.33,-2.4958,4.0047,0.0964,逆チャレンジ,-0.85,Win
2023-02-06,43,-0.8459,-0.6111,19.43,0.2075,2.8879,2.5344,テクノロジーチャレンジ,2.07,Win
2023-02-07,75,2.0719,1.3079,18.66,0.092,1.1007,0.4651,テクノロジーチャレンジ,-1.78,Lose
2023-02-08,45,-1.7781,-1.0935,19.63,0.2472,-0.5716,-1.1921,逆チャレンジ,-0.88,Win
2023-02-09,40,-0.8838,-0.8669,20.71,-0.7912,0.8212,0.2633,ゴールド,-0.66,Win
2023-02-10,45,-0.6563,0.2334,20.53,0.1907,1.6563,0.1005,スタンダード,1.6,Win
2023-02-13,60,1.6016,1.1739,20.34,-0.5076,-0.7212,0.0243,テクノロジーチャレンジ,0.74,Win
2023-02-14,50,0.7389,-0.046,18.91,0.0754,1.1837,0.5975,テクノロジーチャレンジ,0.77,Win
2023-02-15,60,0.7661,0.3247,18.23,-0.9965,1.2763,0.4942,スタンダード,-1.88,Lose
2023-02-16,40,-1.8764,-1.3769,20.17,-0.0819,0.8926,0.6858,逆チャレンジ,-0.71,Win
2023-02-17,40,-0.7056,-0.2498,20.02,0.2987,-0.3903,0.1277,ゴールド,0.0,Lose
2023-02-20,50,0.0,0.0,20.02,0.0,0.0,0.1738,テクノロジーチャレンジ,-2.37,Lose
2023-02-21,20,-2.3675,-2.0061,22.87,-0.3737,3.3177,0.0216,逆チャレンジ,0.07,Lose
2023-02-22,50,0.0748,-0.1378,22.29,-0.5626,-0.8091,0.4764,テクノロジーチャレンジ,0.87,Win
2023-02-23,60,0.8734,0.5319,21.14,-0.053,-1.1216,-0.0326,スタンダード,-1.67,Lose
2023-02-24,35,-1.6744,-1.0682,21.67,-0.7195,1.8046,-0.2253,逆チャレンジ,0.72,Lose
2023-02-27,63,0.7161,0.3406,20.95,0.392,-0.6837,1.3125,スタンダード,-0.13,Lose
2023-02-28,40,-0.1293,-0.3696,20.7,0.4556,-0.153,-0.0572,ゴールド,-0.8,Win
2023-03-01,35,-0.8039,-0.3836,20.58,0.5772,1.9918,0.0227,ゴールド,0.83,Lose
2023-03-02,60,0.8276,0.7777,19.59,-0.0586,1.978,-0.113,スタンダード,2.07,Win
2023-03-03,75,2.0674,1.6038,18.49,1.0723,-2.6762,0.3752,テクノロジーチャレンジ,0.11,Win
2023-03-06,65,0.1135,0.0693,18.61,-0.5044,0.4793,-0.6181,スタンダード,-1.23,Lose
2023-03-07,45,-1.2266,-1.5329,19.59,-1.748,-0.2009,0.1023,逆チャレンジ,0.5,Lose
2023-03-08,68,0.4994,0.1632,19.11,-0.0474,0.0252,1.0235,スタンダード,-1.73,Lose
2023-03-09,40,-1.7326,-1.845,22.61,0.9849,-1.2827,-0.1201,逆チャレンジ,-1.4,Win
2023-03-10,35,-1.4044,-1.4429,24.8,2.1563,-5.8599,-0.6056,逆チャレンジ,0.74,Lose
2023-03-13,30,0.7416,-0.1425,26.52,2.2948,-4.8714,-1.0374,ゴールド,2.3,Lose
2023-03-14,70,2.298,1.653,23.73,-0.5791,3.4993,-1.3824,テクノロジーチャレンジ,0.52,Win
2023-03-15,35,0.5246,-0.6254,26.14,0.7804,-4.0132,0.9638,ゴールド,2.64,Lose
2023-03-16,70,2.6361,1.7545,22.99,0.202,2.6632,-1.0923,テクノロジーチャレンジ,-0.47,Lose
2023-03-17,20,-0.4726,-1.545,25.51,2.912,-5.2999,0.3302,ゴールド,0.2,Lose
2023-03-20,55,0.1998,0.9616,24.15,0.0381,2.5331,-0.8128,スタンダード,1.43,Win
2023-03-21,55,1.4282,1.3131,21.38,-1.8875,3.5909,-0.6743,テクノロジーチャレンジ,-1.36,Lose
2023-03-22,35,-1.3598,-1.7046,22.26,1.7021,-2.9395,0.7276,逆チャレンジ,1.19,Lose
2023-03-23,55,1.1858,0.2703,22.61,1.2538,-2.6857,-0.8833,テクノロジーチャレンジ,0.37,Win
2023-03-24,60,0.368,0.6562,21.74,-1.1252,-0.7634,-0.2394,スタンダード,-0.69,Lose
2023-03-27,45,-0.6851,0.187,20.6,-0.9257,4.3787,-0.0145,スタンダード,-0.53,Lose
2023-03-28,40,-0.5312,-0.2245,19.97,0.8189,1.0204,0.2958,ゴールド,1.82,Lose
2023-03-29,65,1.8234,1.4535,19.12,-0.4961,0.0561,-0.1425,テクノロジーチャレンジ,0.95,Win
2023-03-30,68,0.9465,0.5855,19.02,0.904,-0.4206,1.1675,スタンダード,1.66,Win
2023-03-31,65,1.6631,1.4095,18.7,-0.5212,-1.6052,0.4714,テクノロジーチャレンジ,-0.24,Lose
2023-04-03,55,-0.243,0.3811,18.55,0.7204,-1.8317,0.1096,スタンダード,-0.34,Lose
2023-04-04,40,-0.3373,-0.5548,19.0,1.8641,-2.7114,-0.7859,ゴールド,-0.99,Win
2023-04-05,45,-0.9872,-0.2618,19.08,-0.0798,-1.4984,-0.6153,テクノロジーチャレンジ,0.67,Win
2023-04-06,65,0.6742,0.3901,18.4,-0.7134,0.0304,-0.4191,スタンダード,0.0,Lose
2023-04-07,55,0.0,0.0,18.4,0.0,0.0,0.5614,テクノロジーチャレンジ,-0.06,Lose
2023-04-10,50,-0.0566,0.1026,18.97,-0.74,3.8625,0.3251,スタンダード,-0.64,Lose
2023-04-11,58,-0.6418,0.0269,19.1,0.6321,0.5564,1.0386,スタンダード,-0.88,Lose
2023-04-12,45,-0.8834,-0.4076,19.09,0.4885,-0.3786,0.0937,テクノロジーチャレンジ,1.96,Win
2023-04-13,60,1.9582,1.3283,17.8,1.3516,0.9062,-0.381,テクノロジーチャレンジ,-0.19,Lose
2023-04-14,40,-0.188,-0.2443,17.07,-1.771,2.0278,-0.4493,ゴールド,0.08,Lose
2023-04-17,63,0.0848,0.3588,16.95,-0.4454,1.9591,1.1201,テクノロジーチャレンジ,0.01,Win
2023-04-18,65,0.0063,0.0652,16.83,0.3881,-0.5291,0.3389,テクノロジーチャレンジ,-0.05,Lose
2023-04-19,45,-0.047,-0.0169,16.46,-0.4779,0.8399,-0.2834,テクノロジーチャレンジ,-0.76,Lose
2023-04-20,45,-0.7624,-0.5457,17.17,0.3938,-1.5825,0.4924,テクノロジーチャレンジ,0.1,Win
2023-04-21,65,0.1043,0.0777,16.77,-0.9888,0.7052,-0.5256,テクノロジーチャレンジ,-0.21,Lose
2023-04-24,55,-0.2084,0.1043,16.89,0.3039,-1.5406,-0.0261,テクノロジーチャレンジ,-1.89,Lose
2023-04-25,45,-1.8864,-1.5874,18.76,0.5086,-3.3855,0.0918,逆チャレンジ,0.61,Lose
2023-04-26,50,0.6065,-0.4236,18.84,-0.5437,1.0601,-0.2782,テクノロジーチャレンジ,2.72,Win
2023-04-27,75,2.7191,1.9908,17.03,0.0054,2.7972,-0.184,テクノロジーチャレンジ,0.69,Win
2023-04-28,70,0.6899,0.8535,15.78,0.0271,-2.1542,0.2525,テクノロジーチャレンジ,-0.11,Lose
2023-05-01,43,-0.1147,-0.101,16.08,-0.4491,3.5342,1.9312,テクノロジーチャレンジ,-0.87,Lose
2023-05-02,40,-0.8722,-1.1239,17.78,1.9297,-3.7773,0.8322,ゴールド,-0.65,Win
2023-05-03,45,-0.6544,-0.6864,18.34,0.8479,-1.0468,-0.7672,テクノロジーチャレンジ,-0.35,Lose
2023-05-04,40,-0.353,-0.7083,20.09,0.7033,-1.5281,-1.4084,ゴールド,2.13,Lose
2023-05-05,75,2.1254,1.8513,17.19,-1.5648,2.835,-0.2713,テクノロジーチャレンジ,0.25,Win
2023-05-08,60,0.2478,0.0267,16.98,0.1227,2.1764,0.7602,テクノロジーチャレンジ,-0.63,Lose
2023-05-09,45,-0.6333,-0.4385,17.71,0.7086,0.0,-0.0932,テクノロジーチャレンジ,1.09,Win
2023-05-10,65,1.0882,0.4672,16.94,-0.1428,-2.3289,0.1592,テクノロジーチャレンジ,0.33,Win
2023-05-11,55,0.326,-0.1744,16.93,-0.8583,-1.2213,-0.8877,テクノロジーチャレンジ,-0.36,Lose
2023-05-12,40,-0.3587,-0.131,17.03,-0.171,1.9429,0.3065,ゴールド,0.54,Lose
2023-05-15,60,0.5415,0.345,17.12,0.2141,1.2994,0.9844,テクノロジーチャレンジ,0.11,Win
2023-05-16,50,0.1132,-0.6683,17.99,-1.2499,1.1688,0.1642,テクノロジーチャレンジ,1.21,Win
2023-05-17,65,1.2104,1.2139,16.87,-0.3462,0.9017,0.283,テクノロジーチャレンジ,1.86,Win
2023-05-18,60,1.8573,0.9633,16.05,-1.2973,1.871,0.8678,テクノロジーチャレンジ,-0.23,Lose
2023-05-19,40,-0.2253,-0.1455,16.81,0.9899,1.2061,0.731,ゴールド,0.34,Lose
2023-05-22,65,0.3358,0.0406,17.21,-0.2341,0.7313,-0.6695,テクノロジーチャレンジ,-1.27,Lose
2023-05-23,45,-1.2676,-1.1223,18.53,0.1201,-0.5647,0.7117,逆チャレンジ,-0.51,Win
2023-05-24,40,-0.513,-0.7245,20.03,-0.8068,0.5679,-0.0534,ゴールド,2.43,Lose
2023-05-25,75,2.4333,0.866,19.14,-0.9618,2.5544,0.4942,テクノロジーチャレンジ,2.56,Win
2023-05-26,80,2.555,1.2951,17.95,0.3996,-0.1049,0.527,テクノロジーチャレンジ,0.0,Lose
2023-05-29,55,0.0,0.0,17.95,0.0,0.0,0.6099,テクノロジーチャレンジ,0.45,Win
2023-05-30,65,0.4535,0.0381,17.46,0.6191,-2.8871,-0.3052,テクノロジーチャレンジ,-0.57,Lose
2023-05-31,45,-0.5686,-0.5545,17.94,0.1538,-1.7027,-0.4621,テクノロジーチャレンジ,1.16,Win
2023-06-01,70,1.1552,0.9501,15.65,0.7898,-0.7974,-0.4757,テクノロジーチャレンジ,0.75,Win
2023-06-02,65,0.75,1.4461,14.6,-1.4747,2.3004,-0.2724,テクノロジーチャレンジ,0.07,Win
2023-06-05,63,0.0705,-0.1916,14.73,0.602,0.0542,1.0515,テクノロジーチャレンジ,-0.02,Lose
2023-06-06,60,-0.0169,0.2177,13.96,0.1098,0.1625,-0.5877,テクノロジーチャレンジ,-1.7,Lose
2023-06-07,45,-1.6965,-0.3458,13.94,-1.2011,2.2979,0.1033,逆チャレンジ,1.24,Lose
2023-06-08,65,1.2413,0.6049,13.65,1.3211,-1.8499,0.2666,テクノロジーチャレンジ,0.38,Win
2023-06-09,70,0.3823,0.1794,13.83,-0.2685,0.8347,-0.7405,テクノロジーチャレンジ,1.69,Win
2023-06-12,70,1.6897,0.9072,15.01,-0.0879,0.5341,0.3658,テクノロジーチャレンジ,0.77,Win
2023-06-13,65,0.7684,0.6593,14.61,-0.7368,1.9655,0.0639,テクノロジーチャレンジ,0.73,Win
2023-06-14,70,0.7267,0.1191,13.88,0.0554,-1.1201,0.5141,テクノロジーチャレンジ,1.19,Win
2023-06-15,70,1.1916,1.2398,14.5,0.7031,-1.7914,-0.1427,テクノロジーチャレンジ,-0.63,Lose
2023-06-16,45,-0.6293,-0.7094,13.54,-0.1539,1.0998,0.2079,テクノロジーチャレンジ,0.0,Lose
2023-06-19,63,0.0,0.0,13.54,0.0,0.0,1.14,テクノロジーチャレンジ,-0.28,Lose
2023-06-20,50,-0.2799,-0.5188,13.88,-1.0351,-1.0613,0.0226,テクノロジーチャレンジ,-1.36,Lose
2023-06-21,50,-1.3628,-0.5124,13.2,-0.1446,-0.1609,-0.3975,逆チャレンジ,1.18,Lose
2023-06-22,65,1.1799,0.361,12.91,-0.9917,2.0414,0.2498,テクノロジーチャレンジ,-0.99,Lose
2023-06-23,50,-0.9913,-0.756,13.44,0.2757,-1.5794,0.9471,テクノロジーチャレンジ,-1.34,Lose
2023-06-26,50,-1.3405,-0.4086,14.25,0.174,-0.5349,0.3573,逆チャレンジ,1.72,Lose
2023-06-27,65,1.7194,1.0963,13.74,-0.4594,1.3176,-0.0564,テクノロジーチャレンジ,0.2,Win
2023-06-28,70,0.1952,0.0504,13.43,-0.2307,-1.5393,0.2942,テクノロジーチャレンジ,-0.2,Lose
2023-06-29,55,-0.2003,0.3941,13.54,-0.1072,3.8814,0.3524,テクノロジーチャレンジ,1.54,Win
2023-06-30,70,1.542,1.1801,13.59,0.6663,-0.9081,0.2708,テクノロジーチャレンジ,0.24,Win
2023-07-03,65,0.2355,0.1151,13.57,0.1122,1.0212,-0.2639,テクノロジーチャレンジ,0.0,Lose
2023-07-04,60,0.0,0.0,13.57,0.0,0.0,0.1288,テクノロジーチャレンジ,-0.0,Lose
2023-07-05,45,-0.0027,-0.1487,14.18,-0.353,2.2551,-0.1231,テクノロジーチャレンジ,-0.76,Lose
2023-07-06,45,-0.7616,-0.7831,15.44,-0.298,2.4335,0.0575,テクノロジーチャレンジ,-0.33,Lose
2023-07-07,50,-0.332,-0.2525,14.83,0.7501,0.2227,-0.3723,テクノロジーチャレンジ,0.03,Win
2023-07-10,70,0.0328,0.2531,15.07,0.0784,-1.0864,-1.2101,テクノロジーチャレンジ,0.49,Win
2023-07-11,70,0.4941,0.6369,14.84,0.3748,-0.649,-0.6413,テクノロジーチャレンジ,1.26,Win
2023-07-12,65,1.263,0.8046,13.54,1.3541,-2.9899,-0.8344,テクノロジーチャレンジ,1.7,Win
2023-07-13,70,1.6979,0.7937,13.61,0.0715,-2.59,-1.2868,テクノロジーチャレンジ,-0.02,Lose
2023-07-14,45,-0.0211,-0.0623,13.34,-0.3187,1.5421,-0.1735,テクノロジーチャレンジ,0.93,Win
2023-07-17,70,0.9339,0.3472,13.48,0.0717,-0.5761,0.4396,テクノロジーチャレンジ,0.82,Win
2023-07-18,65,0.8181,0.7431,13.3,1.1456,-0.2107,0.0339,テクノロジーチャレンジ,-0.02,Lose
2023-07-19,60,-0.0233,0.2224,13.76,0.0163,-1.2404,0.2148,テクノロジーチャレンジ,-2.31,Lose
2023-07-20,30,-2.3052,-0.6634,13.99,-0.5063,2.9931,0.4107,逆チャレンジ,-0.3,Win
2023-07-21,55,-0.2999,0.0,13.6,-0.3065,-0.4411,0.1905,テクノロジーチャレンジ,0.16,Win
2023-07-24,73,0.1597,0.4467,13.91,-0.4281,0.5212,1.3485,テクノロジーチャレンジ,0.68,Win
2023-07-25,65,0.6778,0.273,13.86,0.5568,1.426,-0.1608,テクノロジーチャレンジ,-0.33,Lose
2023-07-26,60,-0.3326,0.0154,13.19,0.4879,-1.5593,-0.4303,テクノロジーチャレンジ,-0.24,Lose
2023-07-27,45,-0.2384,-0.663,14.41,-1.5712,4.1807,-0.3875,テクノロジーチャレンジ,1.82,Win
2023-07-28,70,1.8215,0.979,13.33,0.7981,-1.0718,-1.0708,テクノロジーチャレンジ,0.05,Win
2023-07-31,73,0.0521,0.1904,13.63,0.2694,-0.252,1.3639,テクノロジーチャレンジ,-0.23,Lose
2023-08-01,48,-0.232,-0.2862,13.93,-1.0365,2.3238,1.1118,テクノロジーチャレンジ,-2.19,Lose
2023-08-02,30,-2.1944,-1.3911,16.09,-0.4766,0.6665,0.4546,逆チャレンジ,-0.16,Win
2023-08-03,45,-0.1603,-0.2866,15.92,-0.0334,2.7219,0.2616,テクノロジーチャレンジ,-0.47,Lose
2023-08-04,45,-0.4682,-0.4523,17.1,0.362,-3.0795,-0.5204,テクノロジーチャレンジ,0.85,Win
2023-08-07,70,0.8467,0.8729,15.77,-0.2275,0.4434,-0.5063,テクノロジーチャレンジ,-0.85,Lose
2023-08-08,50,-0.8502,-0.4349,15.99,-0.6341,-1.2751,0.4567,テクノロジーチャレンジ,-1.1,Lose
2023-08-09,50,-1.0995,-0.6685,15.96,-0.4758,-0.3477,0.529,逆チャレンジ,0.18,Lose
2023-08-10,65,0.1848,0.0359,15.85,-0.1069,1.6949,0.3134,テクノロジーチャレンジ,-0.64,Lose
2023-08-11,45,-0.6376,-0.0583,14.84,0.0,2.1569,0.7841,テクノロジーチャレンジ,1.12,Win
2023-08-14,70,1.1222,0.552,14.82,-0.3041,0.3839,-0.0255,テクノロジーチャレンジ,-1.06,Lose
2023-08-15,45,-1.0612,-1.1649,16.46,-0.2654,0.8843,0.4281,逆チャレンジ,-1.06,Win
2023-08-16,45,-1.0589,-0.7338,16.78,-0.5776,0.8766,0.1176,逆チャレンジ,-1.09,Win
2023-08-17,40,-1.0923,-0.762,17.89,-0.1538,1.1743,0.4979,逆チャレンジ,-0.13,Win
2023-08-18,55,-0.1255,0.0481,17.3,0.0171,-1.3231,-0.423,テクノロジーチャレンジ,1.61,Win
2023-08-21,60,1.6111,0.6506,17.13,0.2738,2.1407,-0.2807,テクノロジーチャレンジ,-0.14,Lose
2023-08-22,45,-0.1429,-0.2709,16.97,0.165,-0.3224,0.6421,テクノロジーチャレンジ,1.58,Win
2023-08-23,65,1.5769,1.1138,15.98,1.0165,-3.0037,-0.3248,テクノロジーチャレンジ,-2.14,Lose
2023-08-24,30,-2.1376,-1.3859,17.2,-0.0225,0.8814,-0.7478,逆チャレンジ,0.78,Lose
2023-08-25,70,0.7751,0.705,15.68,-0.1293,0.0944,0.9636,テクノロジーチャレンジ,0.75,Win
2023-08-28,70,0.7527,0.6341,15.08,0.2871,-0.6369,0.3177,テクノロジーチャレンジ,2.18,Win
2023-08-29,85,2.184,1.4455,14.45,0.9768,-2.1367,-0.0457,テクノロジーチャレンジ,0.56,Win
2023-08-30,70,0.5577,0.4119,13.88,0.2502,-0.097,-0.325,テクノロジーチャレンジ,0.3,Win
2023-08-31,60,0.2998,-0.1463,13.57,-0.1664,-0.6071,0.076,テクノロジーチャレンジ,-0.11,Lose
2023-09-01,55,-0.1058,0.1865,13.09,0.05,1.9546,-0.4285,テクノロジーチャレンジ,0.0,Lose
2023-09-04,60,0.0,0.0,13.09,0.0,0.0,0.4014,テクノロジーチャレンジ,0.13,Win
2023-09-05,55,0.1271,-0.4322,14.01,-0.8162,2.2765,0.3327,テクノロジーチャレンジ,-0.88,Lose
2023-09-06,50,-0.8808,-0.6722,14.45,-0.4534,0.5155,0.6333,テクノロジーチャレンジ,-0.72,Lose
2023-09-07,50,-0.7152,-0.307,14.4,0.1068,-0.6993,0.1614,テクノロジーチャレンジ,0.14,Win
2023-09-08,70,0.1398,0.1506,13.84,0.0337,-0.047,-0.2559,テクノロジーチャレンジ,1.18,Win
2023-09-11,70,1.1783,0.6577,13.8,0.1853,0.7046,-0.148,テクノロジーチャレンジ,-1.11,Lose
2023-09-12,50,-1.1088,-0.5486,14.23,-0.5157,-0.5597,-0.2957,逆チャレンジ,0.38,Lose
2023-09-13,70,0.3809,0.1166,13.48,-0.231,-0.3518,0.3273,テクノロジーチャレンジ,0.82,Win
2023-09-14,70,0.8177,0.8622,12.82,0.0508,0.9179,0.1277,テクノロジーチャレンジ,-1.71,Lose
2023-09-15,50,-1.7123,-1.5521,13.79,0.6604,0.7929,0.0923,逆チャレンジ,-0.04,Win
2023-09-18,60,-0.0405,0.0586,14.0,0.5888,-0.0694,0.2617,テクノロジーチャレンジ,-0.21,Lose
2023-09-19,45,-0.2131,-0.2074,14.11,-0.0948,1.0651,-0.1779,テクノロジーチャレンジ,-1.44,Lose
2023-09-20,50,-1.441,-0.9193,15.14,0.0725,-0.3665,0.0928,逆チャレンジ,-1.83,Win
2023-09-21,40,-1.8325,-1.6528,17.54,-0.7248,3.0122,0.3919,逆チャレンジ,0.01,Lose
2023-09-22,55,0.014,-0.2249,17.2,0.3201,-0.9375,-0.4564,テクノロジーチャレンジ,0.47,Win
2023-09-25,60,0.475,0.4205,16.9,-0.5151,2.3434,0.5351,テクノロジーチャレンジ,-1.5,Lose
2023-09-26,45,-1.5016,-1.4691,18.94,-0.7991,0.3523,0.254,逆チャレンジ,0.23,Lose
2023-09-27,60,0.2343,0.0399,18.22,-1.2367,1.4919,0.1572,スタンダード,0.84,Win
2023-09-28,65,0.8365,0.5797,17.34,-0.4997,-0.6269,0.3039,テクノロジーチャレンジ,0.07,Win
2023-09-29,55,0.0726,-0.2427,17.52,-1.0275,-0.5221,-0.1077,テクノロジーチャレンジ,0.83,Win
2023-10-02,50,0.8346,-0.0398,17.61,-1.0499,2.4054,0.1359,テクノロジーチャレンジ,-1.75,Lose
2023-10-03,40,-1.755,-1.3386,19.78,-0.2888,2.5411,0.208,逆チャレンジ,1.36,Lose
2023-10-04,65,1.3609,0.7282,18.58,-0.0118,-1.3953,-0.4398,テクノロジーチャレンジ,-0.29,Lose
2023-10-05,45,-0.2946,-0.0377,18.49,-0.1833,-0.3802,-0.1515,テクノロジーチャレンジ,1.68,Win
2023-10-06,60,1.6755,1.1873,17.45,0.5153,1.4204,-0.3377,テクノロジーチャレンジ,0.51,Win
2023-10-09,60,0.51,0.6402,17.7,1.8385,0.2717,0.4695,テクノロジーチャレンジ,0.55,Win
2023-10-10,65,0.5538,0.5205,17.03,-0.1678,-2.9602,-0.5585,テクノロジーチャレンジ,0.71,Win
2023-10-11,65,0.7135,0.4096,16.09,0.7303,-1.2889,0.2029,テクノロジーチャレンジ,-0.35,Lose
2023-10-12,40,-0.3475,-0.6096,16.69,-0.305,2.5462,0.2745,ゴールド,-1.26,Win
2023-10-13,40,-1.257,-0.4981,19.32,3.2148,-1.7615,0.5059,逆チャレンジ,1.13,Lose
2023-10-16,60,1.1306,1.0521,17.21,-0.4865,1.793,-0.1495,テクノロジーチャレンジ,-0.33,Lose
2023-10-17,40,-0.3275,-0.0046,17.88,0.1854,2.865,0.008,ゴールド,-1.31,Win
2023-10-18,35,-1.3118,-1.3325,19.22,1.4471,1.176,0.121,逆チャレンジ,-0.94,Win
2023-10-19,30,-0.9357,-0.8786,21.4,1.2274,1.7129,-0.0114,ゴールド,-1.49,Win
2023-10-20,40,-1.4918,-1.2288,21.71,0.2731,-1.2831,0.0401,逆チャレンジ,0.3,Lose
2023-10-23,50,0.3018,-0.1733,20.37,-0.3377,-1.7465,0.0521,テクノロジーチャレンジ,0.97,Win
2023-10-24,65,0.9728,0.7539,18.97,-0.0109,0.0413,-0.0741,スタンダード,-2.45,Lose
2023-10-25,20,-2.4476,-1.4352,20.19,0.4209,2.3347,0.0568,逆チャレンジ,-1.91,Win
2023-10-26,40,-1.9067,-1.1975,20.68,0.1578,-2.1805,0.1628,逆チャレンジ,0.48,Lose
2023-10-27,45,0.4801,-0.4533,21.27,1.163,0.0,0.1785,テクノロジーチャレンジ,1.13,Win
2023-10-30,65,1.1265,1.1956,19.75,-0.5641,0.6192,-0.421,テクノロジーチャレンジ,0.48,Win
2023-10-31,65,0.4782,0.628,18.14,-0.5457,0.0,-0.4154,スタンダード,1.74,Win
2023-11-01,68,1.7357,1.0665,16.87,-0.3151,-1.7641,1.464,テクノロジーチャレンジ,1.82,Win
2023-11-02,70,1.8153,1.9164,15.66,0.3324,-2.5057,-0.4752,テクノロジーチャレンジ,1.17,Win
2023-11-03,70,1.1749,0.9123,14.91,0.3639,-2.3774,-0.0518,テクノロジーチャレンジ,0.41,Win
2023-11-06,65,0.4079,0.23,14.89,-0.7793,2.2817,-0.6964,テクノロジーチャレンジ,0.95,Win
2023-11-07,70,0.9453,0.2846,14.81,-0.4145,-1.952,0.3613,テクノロジーチャレンジ,0.06,Win
2023-11-08,70,0.0644,0.0732,14.45,-0.9968,-1.0501,0.2714,テクノロジーチャレンジ,-0.77,Lose
2023-11-09,45,-0.7696,-0.7799,15.29,0.3983,2.3657,0.3112,テクノロジーチャレンジ,2.25,Win
2023-11-10,85,2.2482,1.5605,14.17,-1.091,-0.0432,0.3215,テクノロジーチャレンジ,-0.31,Lose
2023-11-13,50,-0.3119,-0.0953,14.76,0.5571,0.0864,0.0793,テクノロジーチャレンジ,2.15,Win
2023-11-14,85,2.1526,1.9401,14.16,0.8919,-4.1235,0.1169,テクノロジーチャレンジ,0.08,Win
2023-11-15,65,0.0753,0.2117,14.18,-0.2636,2.1166,-0.7656,テクノロジーチャレンジ,0.09,Win
2023-11-16,65,0.0856,0.1223,14.32,1.1286,-1.9846,0.4851,テクノロジーチャレンジ,0.02,Win
2023-11-17,70,0.0233,0.1244,13.8,-0.0109,-0.09,-0.3373,テクノロジーチャレンジ,1.22,Win
2023-11-20,70,1.2175,0.7698,13.41,-0.1633,-0.4278,-0.5063,テクノロジーチャレンジ,-0.58,Lose
2023-11-21,45,-0.5809,-0.2179,13.35,1.0798,-0.0905,-1.0537,テクノロジーチャレンジ,0.41,Win
2023-11-22,70,0.4093,0.3861,12.85,-0.4262,-0.0453,-0.1416,テクノロジーチャレンジ,0.0,Lose
2023-11-23,60,0.0,0.0,12.85,0.0,0.0,0.8829,テクノロジーチャレンジ,-0.14,Lose
2023-11-24,55,-0.141,0.0615,12.46,0.5202,1.2681,0.1171,テクノロジーチャレンジ,-0.09,Lose
2023-11-27,50,-0.0873,-0.1801,12.69,0.6738,-1.856,-0.0428,テクノロジーチャレンジ,0.26,Win
2023-11-28,65,0.2621,0.099,12.69,1.3332,-1.2076,-0.7481,テクノロジーチャレンジ,-0.1,Lose
2023-11-29,50,-0.0974,-0.0703,12.98,0.1479,-1.4991,-0.9357,テクノロジーチャレンジ,-0.25,Lose
2023-11-30,55,-0.2514,0.3937,12.92,-0.4168,1.8965,-0.0163,テクノロジーチャレンジ,0.29,Win
2023-12-01,65,0.2855,0.5916,12.63,1.7271,-2.8952,0.6529,テクノロジーチャレンジ,-0.93,Lose
2023-12-04,45,-0.9283,-0.5249,13.08,-2.1613,1.4671,-1.0851,テクノロジーチャレンジ,0.25,Win
2023-12-05,60,0.2511,-0.0197,12.85,-0.3779,-2.7285,0.638,テクノロジーチャレンジ,-0.58,Lose
2023-12-06,50,-0.5784,-0.403,12.97,0.3687,-1.1988,-0.0964,テクノロジーチャレンジ,1.4,Win
2023-12-07,70,1.3972,0.763,13.06,0.165,0.1941,-0.0007,テクノロジーチャレンジ,0.45,Win
2023-12-08,65,0.4457,0.4299,12.35,-1.334,2.8094,-1.9744,テクノロジーチャレンジ,0.85,Win
2023-12-11,70,0.8542,0.389,12.63,-1.1043,-0.1413,0.4886,テクノロジーチャレンジ,0.8,Win
2023-12-12,70,0.7964,0.4567,12.07,-0.0545,-0.7785,0.7601,テクノロジーチャレンジ,1.27,Win
2023-12-13,65,1.2717,1.379,12.19,2.2563,-4.1132,-0.5511,テクノロジーチャレンジ,-0.09,Lose
2023-12-14,60,-0.0867,0.3209,12.48,0.5863,-2.5539,-1.7256,テクノロジーチャレンジ,0.48,Win
2023-12-15,60,0.4834,-0.5678,12.28,-0.9167,-0.0509,-0.346,テクノロジーチャレンジ,0.43,Win
2023-12-18,70,0.4293,0.5625,12.56,0.4545,0.6619,0.0239,テクノロジーチャレンジ,0.51,Win
2023-12-19,70,0.511,0.6081,12.53,0.6814,-0.8093,0.2874,テクノロジーチャレンジ,-1.49,Lose
2023-12-20,50,-1.486,-1.3857,13.67,-0.5446,-1.1474,0.8177,逆チャレンジ,1.16,Lose
2023-12-21,70,1.1635,0.9482,13.65,0.7071,0.4385,-0.2544,テクノロジーチャレンジ,0.15,Win
2023-12-22,70,0.1496,0.201,13.03,0.4434,0.1798,-1.0124,テクノロジーチャレンジ,0.0,Lose
2023-12-25,60,0.0,0.0,13.03,0.0,0.0,0.1914,テクノロジーチャレンジ,0.61,Win
2023-12-26,70,0.6122,0.4223,12.99,0.7621,-0.3845,-0.0787,テクノロジーチャレンジ,0.15,Win
2023-12-27,70,0.1509,0.1808,12.43,0.4538,-2.4961,0.1624,テクノロジーチャレンジ,-0.05,Lose
2023-12-28,55,-0.0486,0.0378,12.47,-0.5815,1.6099,-0.7455,テクノロジーチャレンジ,-0.43,Lose
2023-12-29,50,-0.4328,-0.2895,12.45,-0.1567,0.4156,0.0219,テクノロジーチャレンジ,0.0,Lose
2024-01-01,60,0.0,0.0,12.45,0.0,0.0,-0.338,テクノロジーチャレンジ,-1.69,Lose
2024-01-02,45,-1.6922,-0.5596,13.2,-0.2354,2.0693,0.1235,逆チャレンジ,-1.06,Win
2024-01-03,50,-1.0582,-0.8167,14.04,-0.8337,-0.9883,0.7291,逆チャレンジ,-0.51,Win
2024-01-04,45,-0.5146,-0.3221,14.13,0.1005,2.15,0.5937,テクノロジーチャレンジ,0.12,Win
2024-01-05,68,0.1186,0.137,13.35,0.0158,1.2779,1.235,テクノロジーチャレンジ,2.07,Win
2024-01-08,85,2.0668,1.4276,13.08,-0.7816,-0.9896,-0.0338,テクノロジーチャレンジ,0.2,Win
2024-01-09,60,0.1976,-0.1517,12.76,0.0319,0.4248,-0.3358,テクノロジーチャレンジ,0.68,Win
2024-01-10,70,0.6778,0.5655,12.69,-0.2288,0.2737,0.1373,テクノロジーチャレンジ,0.21,Win
2024-01-11,60,0.2081,-0.0441,12.44,0.1973,-1.3151,0.9043,テクノロジーチャレンジ,0.05,Win
2024-01-12,70,0.0513,0.0693,12.7,0.9794,-0.6789,-0.4721,テクノロジーチャレンジ,0.0,Lose
2024-01-15,60,0.0,0.0,12.7,0.0,0.0,0.071,テクノロジーチャレンジ,-0.01,Lose
2024-01-16,45,-0.0098,-0.3671,13.84,-0.9488,2.9367,0.4444,テクノロジーチャレンジ,-0.56,Lose
2024-01-17,50,-0.5641,-0.5559,14.79,-1.1016,0.9838,0.9959,テクノロジーチャレンジ,1.42,Win
2024-01-18,70,1.4194,0.8893,14.13,0.8233,0.9255,0.5922,テクノロジーチャレンジ,1.98,Win
2024-01-19,70,1.9831,1.2466,13.3,0.2989,0.0483,0.0068,テクノロジーチャレンジ,0.13,Win
2024-01-22,70,0.1306,0.2114,13.19,-0.3778,-1.2542,-0.0047,テクノロジーチャレンジ,0.41,Win
2024-01-23,65,0.415,0.2916,12.55,0.3899,1.1725,0.0142,テクノロジーチャレンジ,0.55,Win
2024-01-24,70,0.5549,0.1093,13.14,-0.8247,0.8691,0.0736,テクノロジーチャレンジ,0.12,Win
2024-01-25,70,0.1221,0.5439,13.45,0.397,-1.101,-0.4452,テクノロジーチャレンジ,-0.6,Lose
2024-01-26,50,-0.5958,-0.127,13.26,-0.0695,0.6776,0.0894,テクノロジーチャレンジ,1.02,Win
2024-01-29,70,1.024,0.7919,13.6,0.7058,-1.6586,0.2823,テクノロジーチャレンジ,-0.67,Lose
2024-01-30,50,-0.6657,-0.0773,13.31,0.1381,-0.7822,-0.4536,テクノロジーチャレンジ,-1.96,Lose
2024-01-31,50,-1.9586,-1.6317,14.35,-0.0742,-2.2666,-0.0671,逆チャレンジ,1.18,Lose
2024-02-01,65,1.1775,1.3088,13.88,1.0401,-2.6216,-0.2531,テクノロジーチャレンジ,1.69,Win
2024-02-02,65,1.6901,1.0527,13.85,-0.9453,4.4007,-0.3708,テクノロジーチャレンジ,-0.13,Lose
2024-02-05,48,-0.1305,-0.3641,13.67,-0.5514,3.2482,1.3998,テクノロジーチャレンジ,-0.2,Lose
2024-02-06,60,-0.2007,0.2903,13.06,0.5225,-1.7771,0.0936,テクノロジーチャレンジ,1.03,Win
2024-02-07,70,1.029,0.834,12.83,-0.0265,0.489,-0.553,テクノロジーチャレンジ,0.19,Win
2024-02-08,65,0.1852,0.0442,12.79,-0.0902,1.4599,0.1813,テクノロジーチャレンジ,0.98,Win
2024-02-09,70,0.9843,0.5779,12.93,-0.3876,0.4077,0.7921,テクノロジーチャレンジ,-0.39,Lose
2024-02-12,50,-0.3913,-0.0439,13.93,-0.2612,-0.3582,-0.0616,テクノロジーチャレンジ,-1.56,Lose
2024-02-13,45,-1.5597,-1.3773,15.85,-1.3789,3.4516,0.1595,逆チャレンジ,1.09,Lose
2024-02-14,70,1.0897,0.9088,14.38,-0.0596,-1.1353,0.8828,テクノロジーチャレンジ,0.3,Win
2024-02-15,70,0.2978,0.69,14.01,0.6724,-0.6328,-0.1194,テクノロジーチャレンジ,-0.91,Lose
2024-02-16,45,-0.9068,-0.498,14.24,0.3663,1.2972,-0.3972,テクノロジーチャレンジ,0.0,Lose
2024-02-19,60,0.0,0.0,14.24,0.0,0.0,0.0967,テクノロジーチャレンジ,-0.75,Lose
2024-02-20,50,-0.7548,-0.5505,15.42,0.6064,-0.4657,0.1193,テクノロジーチャレンジ,-0.4,Lose
2024-02-21,55,-0.4002,0.0906,15.34,0.0053,1.1696,-0.2203,テクノロジーチャレンジ,2.93,Win
2024-02-22,85,2.9276,2.0695,14.54,0.0427,0.0463,0.2774,テクノロジーチャレンジ,-0.29,Lose
2024-02-23,60,-0.2945,0.069,13.75,0.5652,-1.5484,0.0851,テクノロジーチャレンジ,-0.05,Lose
2024-02-26,50,-0.0527,-0.3663,13.74,-0.2227,0.9155,0.01,テクノロジーチャレンジ,0.24,Win
2024-02-27,70,0.2405,0.1858,13.43,-0.1063,0.3722,0.0452,テクノロジーチャレンジ,-0.53,Lose
2024-02-28,50,-0.5325,-0.1322,13.84,0.1808,-0.9502,-0.0472,テクノロジーチャレンジ,0.86,Win
2024-02-29,70,0.8569,0.3595,13.4,0.515,-0.5147,0.107,テクノロジーチャレンジ,1.51,Win
2024-03-01,65,1.5057,0.9388,13.11,1.8911,-1.6933,-0.3724,テクノロジーチャレンジ,-0.36,Lose
2024-03-04,45,-0.3568,-0.1072,13.49,1.6175,0.933,0.0067,テクノロジーチャレンジ,-1.79,Lose
2024-03-05,50,-1.795,-0.9994,14.46,0.602,-1.9436,0.2405,逆チャレンジ,0.63,Lose
2024-03-06,70,0.6284,0.5067,14.5,0.8215,-0.7977,-0.2771,テクノロジーチャレンジ,1.52,Win
2024-03-07,70,1.5178,0.9926,14.44,0.5684,-0.2924,-0.5198,テクノロジーチャレンジ,-1.44,Lose
2024-03-08,50,-1.4435,-0.6002,14.74,0.8453,-0.0733,-0.9386,逆チャレンジ,-0.37,Win
2024-03-11,50,-0.3713,-0.086,15.22,0.1835,0.3668,-0.7398,テクノロジーチャレンジ,1.43,Win
2024-03-12,65,1.4335,1.0757,13.84,-1.0941,1.2427,-0.0286,テクノロジーチャレンジ,-0.77,Lose
2024-03-13,50,-0.7686,-0.1568,13.75,0.7007,0.8905,0.6045,テクノロジーチャレンジ,-0.25,Lose
2024-03-14,45,-0.2521,-0.1977,14.4,-0.4175,2.5286,0.0014,テクノロジーチャレンジ,-1.19,Lose
2024-03-15,50,-1.1887,-0.9943,14.41,-0.3194,0.1396,0.4573,逆チャレンジ,0.82,Lose
2024-03-18,70,0.8204,0.5943,14.33,0.1602,0.8364,0.4444,テクノロジーチャレンジ,0.25,Win
2024-03-19,70,0.2492,0.5557,13.82,-0.115,-0.9908,0.1269,テクノロジーチャレンジ,1.19,Win
2024-03-20,68,1.1857,0.9249,13.04,1.1912,-0.5585,1.2679,テクノロジーチャレンジ,0.47,Win
2024-03-21,70,0.4732,0.3305,12.92,-0.1039,-0.0468,-0.1821,テクノロジーチャレンジ,0.11,Win
2024-03-22,60,0.1144,-0.1896,13.06,-0.8021,-1.2409,0.5791,テクノロジーチャレンジ,-0.36,Lose
2024-03-25,50,-0.3629,-0.2763,13.19,0.3194,0.8298,-0.2163,テクノロジーチャレンジ,-0.32,Lose
2024-03-26,50,-0.3238,-0.1847,13.24,0.3234,-0.4467,0.0449,テクノロジーチャレンジ,0.34,Win
2024-03-27,70,0.3406,0.8404,12.78,0.7241,-0.8975,0.1037,テクノロジーチャレンジ,-0.18,Lose
2024-03-28,45,-0.1843,-0.0191,13.01,1.29,0.2383,-0.1604,テクノロジーチャレンジ,0.0,Lose
2024-03-29,60,0.0,0.0,13.01,0.0,0.0,0.1011,テクノロジーチャレンジ,0.21,Win
2024-04-01,50,0.2117,-0.174,13.65,1.0208,2.9244,-0.0277,テクノロジーチャレンジ,-0.86,Lose
2024-04-02,45,-0.863,-0.6358,14.61,1.4772,0.8316,0.1209,テクノロジーチャレンジ,0.22,Win
2024-04-03,70,0.2244,0.1099,14.33,0.8772,-0.2291,-0.027,テクノロジーチャレンジ,-1.53,Lose
2024-04-04,45,-1.5291,-1.2206,16.35,-0.5735,-1.0563,0.0271,逆チャレンジ,1.18,Lose
2024-04-05,55,1.1784,1.0447,16.03,1.7114,1.6013,-0.1906,テクノロジーチャレンジ,0.03,Win
2024-04-08,65,0.0295,0.0559,15.19,0.6228,1.0507,0.2631,テクノロジーチャレンジ,0.37,Win
2024-04-09,70,0.37,0.1157,14.98,0.5497,-1.311,0.1009,テクノロジーチャレンジ,-0.87,Lose
2024-04-10,45,-0.8729,-1.0013,15.8,-0.9464,4.4434,-0.0435,テクノロジーチャレンジ,1.6,Win
2024-04-11,65,1.5968,0.7547,14.91,1.9433,0.3509,0.7821,テクノロジーチャレンジ,-1.59,Lose
2024-04-12,45,-1.5942,-1.3803,17.31,-1.3239,-1.6827,0.1491,逆チャレンジ,-1.65,Win
2024-04-15,35,-1.6451,-1.2528,19.23,1.8719,2.8673,0.0594,逆チャレンジ,0.01,Lose
2024-04-16,55,0.0093,-0.1824,18.4,0.1222,0.6698,0.6021,テクノロジーチャレンジ,-1.22,Lose
2024-04-17,45,-1.2201,-0.5918,18.21,-0.7368,-1.5883,0.3191,逆チャレンジ,-0.57,Win
2024-04-18,40,-0.5706,-0.2058,18.0,0.3415,1.3522,-0.2301,ゴールド,-2.07,Win
2024-04-19,30,-2.0689,-0.8728,18.71,0.3132,-0.6886,0.1736,逆チャレンジ,1.01,Lose
2024-04-22,65,1.0057,0.9209,16.94,-2.4702,0.1734,0.0194,テクノロジーチャレンジ,1.49,Win
2024-04-23,70,1.4923,1.1867,15.69,-0.2459,-0.5408,0.1119,テクノロジーチャレンジ,0.34,Win
2024-04-24,55,0.3388,-0.0475,15.97,-0.186,1.1744,-0.0446,テクノロジーチャレンジ,-0.48,Lose
2024-04-25,45,-0.483,-0.3799,15.37,0.5963,1.1608,0.3328,テクノロジーチャレンジ,1.54,Win
2024-04-26,70,1.5432,0.9474,15.03,0.3242,-0.7862,0.2177,テクノロジーチャレンジ,0.41,Win
2024-04-29,73,0.406,0.3541,14.67,-0.2031,-1.178,1.6883,テクノロジーチャレンジ,-1.89,Lose
2024-04-30,45,-1.8856,-1.5841,15.65,-1.9937,1.5605,-1.2072,逆チャレンジ,-0.72,Win
2024-05-01,50,-0.7231,-0.3247,15.39,0.9062,-1.942,0.9008,テクノロジーチャレンジ,1.28,Win
2024-05-02,70,1.2763,0.9353,14.68,-0.3087,-0.5223,-1.2795,テクノロジーチャレンジ,2.01,Win
2024-05-03,85,2.0098,1.2395,13.49,-0.0798,-1.5533,-1.7077,テクノロジーチャレンジ,1.1,Win
2024-05-06,65,1.0953,1.0327,13.49,1.0518,-0.2444,0.3404,テクノロジーチャレンジ,0.02,Win
2024-05-07,70,0.0159,0.1103,13.23,-0.46,-0.5792,0.4369,テクノロジーチャレンジ,-0.06,Lose
2024-05-08,60,-0.0591,0.0097,13.0,-0.2941,0.6498,0.3313,テクノロジーチャレンジ,0.22,Win
2024-05-09,65,0.2182,0.5762,12.69,1.5779,-0.9573,0.4336,テクノロジーチャレンジ,0.24,Win
2024-05-10,65,0.2358,0.1288,12.55,0.8113,1.2362,-0.0193,テクノロジーチャレンジ,0.23,Win
2024-05-13,70,0.2307,0.0134,13.6,-1.1202,-0.5107,0.2761,テクノロジーチャレンジ,0.64,Win
2024-05-14,70,0.6432,0.4588,13.42,0.8462,-0.8034,0.2663,テクノロジーチャレンジ,1.56,Win
2024-05-15,65,1.563,1.2383,12.45,1.2839,-2.0023,0.1696,テクノロジーチャレンジ,-0.2,Lose
2024-05-16,50,-0.2031,-0.2058,12.42,-0.3893,0.4821,-1.416,テクノロジーチャレンジ,-0.05,Lose
2024-05-17,55,-0.0487,0.1438,11.99,1.6498,0.9824,0.711,テクノロジーチャレンジ,0.7,Win
2024-05-20,70,0.6973,0.1152,12.15,0.4024,0.3846,0.2413,テクノロジーチャレンジ,0.2,Win
2024-05-21,70,0.1956,0.2453,11.86,-0.147,-0.5184,0.3955,テクノロジーチャレンジ,-0.02,Lose
2024-05-22,50,-0.0197,-0.2879,12.29,-1.8374,0.4531,-0.0761,テクノロジーチャレンジ,-0.45,Lose
2024-05-23,50,-0.4498,-0.7304,12.77,-1.9945,0.9247,0.2899,テクノロジーチャレンジ,0.95,Win
2024-05-24,70,0.9456,0.6616,11.93,0.0927,-0.1788,0.1717,テクノロジーチャレンジ,0.0,Lose
2024-05-27,60,0.0,0.0,11.93,0.0,0.0,-0.0656,テクノロジーチャレンジ,0.38,Win
2024-05-28,60,0.3778,0.0699,12.92,1.0513,1.679,-0.0159,テクノロジーチャレンジ,-0.7,Lose
2024-05-29,45,-0.7048,-0.7003,14.28,-0.9304,1.8054,0.2659,テクノロジーチャレンジ,-1.07,Lose
2024-05-30,50,-1.0713,-0.6634,14.47,0.1897,-1.5138,0.22,逆チャレンジ,-0.19,Win
2024-05-31,60,-0.186,0.9108,12.92,-0.5864,-0.8783,-0.4156,テクノロジーチャレンジ,0.54,Win
2024-06-03,70,0.5369,0.0815,13.11,0.8918,-2.4812,0.1446,テクノロジーチャレンジ,0.27,Win
2024-06-04,70,0.2736,0.1118,13.16,-0.8977,-1.4993,-0.7024,テクノロジーチャレンジ,2.02,Win
2024-06-05,80,2.016,1.1885,12.63,1.1846,-1.0839,-0.61,テクノロジーチャレンジ,-0.03,Lose
2024-06-06,50,-0.0345,-0.0019,12.58,0.7391,-0.1865,0.5189,テクノロジーチャレンジ,-0.09,Lose
2024-06-07,45,-0.0885,-0.1216,12.22,-3.5683,3.4805,-0.1488,テクノロジーチャレンジ,0.4,Win
2024-06-10,70,0.4039,0.309,12.74,0.9168,0.8804,0.7296,テクノロジーチャレンジ,0.69,Win
2024-06-11,70,0.6863,0.2408,12.85,0.2857,-1.4545,0.132,テクノロジーチャレンジ,1.31,Win
2024-06-12,70,1.3098,0.8213,12.04,0.2662,-2.475,0.0414,テクノロジーチャレンジ,0.54,Win
2024-06-13,70,0.542,0.2013,11.94,-0.815,-1.3271,-0.1941,テクノロジーチャレンジ,0.52,Win
2024-06-14,65,0.5181,0.0608,12.66,1.296,-0.5899,0.2092,テクノロジーチャレンジ,1.22,Win
2024-06-17,65,1.225,0.7959,12.75,-0.5192,1.5666,0.266,テクノロジーチャレンジ,0.03,Win
2024-06-18,70,0.0309,0.2541,12.3,0.4007,-1.4489,0.0977,テクノロジーチャレンジ,0.0,Lose
2024-06-19,60,0.0,0.0,12.3,0.0,0.0,0.1084,テクノロジーチャレンジ,-0.77,Lose
2024-06-20,45,-0.7708,-0.2717,13.28,1.2484,0.8774,0.0551,テクノロジーチャレンジ,-0.27,Lose
2024-06-21,50,-0.2679,-0.4552,13.2,-1.5493,0.0705,0.616,テクノロジーチャレンジ,-1.3,Lose
2024-06-24,50,-1.2953,-0.3251,13.33,0.3958,-0.2114,0.5852,逆チャレンジ,1.14,Lose
2024-06-25,70,1.1436,0.3851,12.84,-0.4962,-0.2354,-0.1095,テクノロジーチャレンジ,0.21,Win
2024-06-26,65,0.2065,0.1248,12.55,-0.9228,1.8405,0.0,テクノロジーチャレンジ,0.26,Win
2024-06-27,65,0.2581,0.1576,12.24,1.1337,-0.6487,0.5855,テクノロジーチャレンジ,-0.52,Lose
2024-06-28,45,-0.5191,-0.3935,12.44,0.0093,1.2826,0.0411,テクノロジーチャレンジ,0.59,Win
2024-07-01,65,0.5865,0.2058,12.22,0.2605,3.1315,0.1369,テクノロジーチャレンジ,1.05,Win
2024-07-02,70,1.05,0.673,12.03,-0.0046,-0.96,0.376,テクノロジーチャレンジ,0.83,Win
2024-07-03,65,0.8337,0.4463,12.09,1.1273,-1.826,-0.005,テクノロジーチャレンジ,0.0,Lose
2024-07-04,60,0.0,0.0,12.09,0.0,0.0,0.0724,テクノロジーチャレンジ,1.04,Win
2024-07-05,65,1.0427,0.5766,12.48,1.3487,-1.9059,-0.1627,テクノロジーチャレンジ,0.24,Win
2024-07-08,70,0.2378,0.1154,12.37,-1.2402,-0.0702,-0.4462,テクノロジーチャレンジ,0.09,Win
2024-07-09,70,0.0865,0.0972,12.51,0.1696,0.7262,0.1363,テクノロジーチャレンジ,1.04,Win
2024-07-10,70,1.0427,0.9895,12.85,0.366,-0.4651,0.2947,テクノロジーチャレンジ,-2.19,Lose
2024-07-11,30,-2.193,-0.8623,12.92,1.7733,-2.0327,0.1711,逆チャレンジ,0.59,Lose
2024-07-12,70,0.5875,0.6308,12.46,-0.0627,-0.0954,-2.1076,テクノロジーチャレンジ,0.27,Win
2024-07-15,70,0.2688,0.275,13.12,0.3227,0.9549,0.0708,テクノロジーチャレンジ,0.04,Win
2024-07-16,65,0.0383,0.593,13.19,1.9926,-1.4661,-0.1086,テクノロジーチャレンジ,-2.94,Lose
2024-07-17,35,-2.9355,-1.4021,14.48,-0.4643,-0.504,0.1322,逆チャレンジ,-0.47,Win
2024-07-18,45,-0.4733,-0.7685,15.93,-0.6381,1.0371,-1.6824,テクノロジーチャレンジ,-0.89,Lose
2024-07-19,40,-0.8864,-0.6641,16.52,-1.7938,1.1936,0.9403,ゴールド,1.49,Lose
2024-07-22,70,1.4898,1.031,14.91,0.0316,0.4954,0.1731,テクノロジーチャレンジ,-0.35,Lose
2024-07-23,50,-0.3525,-0.1569,14.72,0.3517,-0.493,-0.3373,テクノロジーチャレンジ,-3.59,Lose
2024-07-24,25,-3.587,-2.2663,18.04,-0.3504,1.1088,-0.7158,逆チャレンジ,-1.1,Win
2024-07-25,45,-1.1028,-0.521,18.46,-1.5645,-0.6999,-1.205,逆チャレンジ,1.03,Lose
2024-07-26,60,1.0256,1.12,16.39,1.0535,-1.3158,-0.1261,テクノロジーチャレンジ,0.2,Win
2024-07-29,65,0.2009,0.0588,16.6,-0.1405,-0.5238,0.2876,テクノロジーチャレンジ,-1.37,Lose
2024-07-30,45,-1.3731,-0.5066,17.69,0.9985,-0.8377,-0.1985,逆チャレンジ,2.96,Lose
2024-07-31,75,2.9594,1.6255,16.36,1.8111,-0.8207,-0.756,テクノロジーチャレンジ,-2.42,Lose
2024-08-01,30,-2.4221,-1.4161,18.59,-0.3443,-3.2368,-1.9165,逆チャレンジ,-2.37,Win
2024-08-02,25,-2.3735,-1.8618,23.39,-0.1905,-4.6278,-0.3626,逆チャレンジ,-2.98,Win
2024-08-05,0,-2.9816,-2.9124,38.57,-1.2692,-0.1846,-2.4242,ゴールド,0.96,Lose
2024-08-06,40,0.9555,0.922,27.71,-0.8001,2.7213,0.1415,ゴールド,-1.08,Win
2024-08-07,20,-1.083,-0.6684,27.85,-0.068,2.0576,-0.7257,ゴールド,3.06,Lose
2024-08-08,70,3.0591,2.3117,23.79,1.5688,0.7308,0.9618,テクノロジーチャレンジ,0.52,Win
2024-08-09,63,0.5222,0.441,20.37,0.2455,-1.376,1.0573,スタンダード,0.22,Win
2024-08-12,55,0.2154,0.0525,20.71,1.7145,-0.8371,-0.4246,スタンダード,2.48,Win
2024-08-13,80,2.4813,1.6446,18.12,-0.1532,-1.4582,-0.0408,テクノロジーチャレンジ,0.03,Win
2024-08-14,65,0.0324,0.3155,16.19,-0.8156,-0.8307,-0.0075,テクノロジーチャレンジ,2.53,Win
2024-08-15,80,2.5263,1.714,15.23,0.3139,2.7749,0.1919,テクノロジーチャレンジ,0.13,Win
2024-08-16,68,0.1286,0.2242,14.8,2.2388,-0.866,1.3372,テクノロジーチャレンジ,1.31,Win
2024-08-19,70,1.3136,0.9561,14.65,-0.1638,-0.6423,-0.8484,テクノロジーチャレンジ,-0.21,Lose
2024-08-20,50,-0.2099,-0.1626,15.88,0.367,-1.2671,-0.8496,テクノロジーチャレンジ,0.47,Win
2024-08-21,65,0.4664,0.3437,16.27,-0.1334,-1.0477,-0.9216,テクノロジーチャレンジ,-1.59,Lose
2024-08-22,40,-1.5855,-0.7848,17.55,-1.1975,2.2234,-0.1576,逆チャレンジ,1.08,Lose
2024-08-23,65,1.0846,1.0625,15.86,1.1553,-1.4241,0.747,テクノロジーチャレンジ,-0.97,Lose
2024-08-26,45,-0.9708,-0.2384,16.15,0.3189,0.2889,-1.5061,テクノロジーチャレンジ,0.3,Win
2024-08-27,70,0.2987,0.1373,15.43,0.2707,0.3929,0.3583,テクノロジーチャレンジ,-1.13,Lose
2024-08-28,45,-1.1347,-0.5805,17.11,-0.7027,0.2087,-0.3744,逆チャレンジ,-0.15,Win
2024-08-29,60,-0.1464,0.009,15.65,0.5178,0.6769,0.3181,テクノロジーチャレンジ,1.19,Win
2024-08-30,65,1.1919,0.9546,15.0,-0.7126,1.1378,0.3164,テクノロジーチャレンジ,0.0,Lose
2024-09-02,63,0.0,0.0,15.0,0.0,0.0,1.0291,テクノロジーチャレンジ,-3.04,Lose
2024-09-03,25,-3.0361,-2.0579,20.72,-0.4324,-1.7131,0.233,逆チャレンジ,-0.26,Win
2024-09-04,40,-0.2598,-0.2047,21.32,0.0608,-1.9771,-0.9331,ゴールド,0.09,Lose
2024-09-05,55,0.0934,-0.2432,19.9,0.8332,-0.982,-1.3959,テクノロジーチャレンジ,-2.68,Lose
2024-09-06,25,-2.6787,-1.683,22.38,-0.7403,-0.5628,0.0481,逆チャレンジ,1.29,Lose
2024-09-09,65,1.286,1.1196,19.45,0.4206,-0.3504,-0.6325,テクノロジーチャレンジ,0.92,Win
2024-09-10,65,0.9242,0.4356,19.08,0.4404,-1.3795,0.485,スタンダード,2.17,Win
2024-09-11,80,2.1715,1.0259,17.69,-0.1591,0.192,-0.6586,テクノロジーチャレンジ,0.98,Win
2024-09-12,60,0.9816,0.8423,17.07,1.7567,0.7391,0.2503,テクノロジーチャレンジ,0.45,Win
2024-09-13,65,0.448,0.5223,16.56,0.9944,-0.8152,-0.7651,テクノロジーチャレンジ,-0.44,Lose
2024-09-16,55,-0.4418,0.1477,17.14,-0.0084,-0.7945,-0.5011,テクノロジーチャレンジ,0.05,Win
2024-09-17,65,0.0528,0.0409,17.61,-0.5531,0.5799,0.0,テクノロジーチャレンジ,-0.43,Lose
2024-09-18,40,-0.433,-0.2966,18.23,-0.771,1.1807,0.8701,ゴールド,2.53,Lose
2024-09-19,70,2.5284,1.7064,16.33,1.5541,1.4925,0.4894,テクノロジーチャレンジ,-0.19,Lose
2024-09-20,40,-0.1903,-0.4781,16.15,1.2711,-0.3209,0.1037,ゴールド,0.12,Lose
2024-09-23,70,0.1244,0.2499,15.89,0.194,0.2951,0.8022,テクノロジーチャレンジ,0.48,Win
2024-09-24,65,0.4824,0.2861,15.39,1.3969,-0.0802,-0.2542,テクノロジーチャレンジ,0.09,Win
2024-09-25,55,0.0927,-0.2206,15.41,-0.1382,1.2045,-0.4699,テクノロジーチャレンジ,0.75,Win
2024-09-26,73,0.7513,0.3965,15.37,0.5087,0.2645,1.2031,テクノロジーチャレンジ,-0.56,Lose
2024-09-27,45,-0.5557,-0.145,16.96,-0.7936,-1.1079,0.2716,テクノロジーチャレンジ,0.27,Win
2024-09-30,60,0.2712,0.4007,16.73,-0.7999,1.4137,-1.5806,テクノロジーチャレンジ,-1.39,Lose
2024-10-01,40,-1.3932,-0.8958,19.26,1.0491,-1.5518,0.6492,逆チャレンジ,0.14,Lose
2024-10-02,60,0.1413,0.0422,18.9,0.0204,1.1221,0.0181,スタンダード,-0.07,Lose
2024-10-03,38,-0.0747,-0.1828,20.49,-0.0692,1.7173,1.98,ゴールド,1.19,Lose
2024-10-04,60,1.1898,0.9087,19.21,-0.1996,3.4026,0.176,テクノロジーチャレンジ,-1.07,Lose
2024-10-07,38,-1.0712,-0.904,22.64,-0.3388,1.1304,1.3484,逆チャレンジ,1.49,Lose
2024-10-08,60,1.4935,0.9458,21.42,-0.7372,0.1739,-0.4529,テクノロジーチャレンジ,0.79,Win
2024-10-09,60,0.7868,0.6926,20.86,-0.5446,0.843,0.0088,スタンダード,-0.11,Lose
2024-10-10,40,-0.1136,-0.175,20.93,0.7343,0.7131,0.6756,ゴールド,0.16,Lose
2024-10-11,55,0.1563,0.5988,20.46,1.0913,-0.5615,-0.3057,スタンダード,0.84,Win
2024-10-14,65,0.8391,0.8178,19.7,-0.163,0.6138,0.4237,スタンダード,-1.34,Lose
2024-10-15,40,-1.3367,-0.777,20.64,0.3468,-1.4641,0.225,逆チャレンジ,0.01,Lose
2024-10-16,65,0.0122,0.4346,19.58,0.5002,-0.5448,-0.3815,スタンダード,0.07,Win
2024-10-17,60,0.0693,0.0086,19.11,0.5988,1.992,0.3199,スタンダード,0.66,Win
2024-10-18,60,0.6555,0.3847,18.03,1.0618,-0.5615,0.3503,スタンダード,0.19,Win
2024-10-21,50,0.1921,-0.1642,18.37,-0.0199,2.6762,-0.3331,テクノロジーチャレンジ,0.11,Win
2024-10-22,50,0.109,-0.0531,18.2,1.0787,0.5261,0.6718,テクノロジーチャレンジ,-1.53,Lose
2024-10-23,45,-1.5324,-0.9137,19.24,-1.2051,0.9039,0.3539,逆チャレンジ,0.81,Lose
2024-10-24,68,0.8109,0.2163,19.08,0.7693,-0.9901,1.0791,スタンダード,0.61,Win
2024-10-25,50,0.6094,-0.0345,20.33,0.2057,0.7619,-0.6454,テクノロジーチャレンジ,0.02,Win
2024-10-28,60,0.0161,0.3091,19.8,0.0039,1.087,0.7702,スタンダード,0.96,Win
2024-10-29,60,0.9608,0.1618,19.34,1.0895,-0.0935,0.1484,スタンダード,-0.76,Lose
2024-10-30,40,-0.7558,-0.3025,20.35,0.5506,-0.1872,0.062,ゴールド,-2.52,Win
2024-10-31,25,-2.5243,-1.9603,23.16,-1.5495,0.4219,-0.0457,逆チャレンジ,0.74,Lose
2024-11-01,55,0.7399,0.4221,21.88,-0.4102,1.7974,-0.7989,スタンダード,-0.29,Lose
2024-11-04,40,-0.2913,-0.2154,21.98,0.1426,-1.1924,0.202,ゴールド,1.28,Lose
2024-11-05,60,1.2757,1.2092,20.49,0.2254,-0.4641,-0.0072,テクノロジーチャレンジ,2.72,Win
2024-11-06,75,2.7163,2.4866,16.27,-3.0387,3.1942,-0.5523,テクノロジーチャレンジ,1.57,Win
2024-11-07,68,1.5744,0.7732,15.2,1.6077,-1.9205,1.9051,テクノロジーチャレンジ,0.12,Win
2024-11-08,70,0.1168,0.4332,14.94,-0.6769,-0.8063,-0.7387,テクノロジーチャレンジ,-0.06,Lose
2024-11-11,60,-0.0583,0.0953,14.97,-2.3472,0.0464,-0.1802,テクノロジーチャレンジ,-0.18,Lose
2024-11-12,45,-0.181,-0.3106,14.71,-0.8631,2.8784,0.3767,テクノロジーチャレンジ,-0.13,Lose
2024-11-13,60,-0.1287,0.0486,14.02,-1.0081,0.4287,0.7656,テクノロジーチャレンジ,-0.69,Lose
2024-11-14,50,-0.695,-0.643,14.31,-0.2609,-0.7414,0.5005,テクノロジーチャレンジ,-2.38,Lose
2024-11-15,30,-2.3826,-1.2809,16.14,-0.1772,0.2263,0.6685,逆チャレンジ,0.69,Lose
2024-11-18,65,0.6948,0.4097,15.58,1.902,-0.3162,-1.153,テクノロジーチャレンジ,0.69,Win
2024-11-19,65,0.688,0.3655,16.35,0.8959,-0.7929,-0.0304,テクノロジーチャレンジ,-0.06,Lose
2024-11-20,55,-0.0576,0.0339,17.16,0.5632,0.6166,0.0653,テクノロジーチャレンジ,0.36,Win
2024-11-21,65,0.3597,0.5368,16.87,0.834,0.5901,0.3729,テクノロジーチャレンジ,0.16,Win
2024-11-22,65,0.1604,0.3099,15.24,1.2892,-0.4964,-0.6935,テクノロジーチャレンジ,0.16,Win
2024-11-25,70,0.1582,0.3392,14.6,-2.9459,-3.288,-0.0467,テクノロジーチャレンジ,0.54,Win
2024-11-26,70,0.5369,0.5221,14.1,0.1938,0.8675,0.1505,テクノロジーチャレンジ,-0.79,Lose
2024-11-27,50,-0.7873,-0.303,14.1,0.2223,-1.3947,-0.8868,テクノロジーチャレンジ,0.0,Lose
2024-11-28,60,0.0,0.0,14.1,0.0,0.0,-1.0934,テクノロジーチャレンジ,0.88,Win
2024-11-29,70,0.8787,0.6212,13.51,0.8625,-1.5087,-0.107,テクノロジーチャレンジ,1.09,Win
2024-12-02,70,1.0888,0.1792,13.34,-0.8754,0.4308,-0.8441,テクノロジーチャレンジ,0.31,Win
2024-12-03,70,0.3066,0.0464,13.3,0.2013,0.6435,-0.2602,テクノロジーチャレンジ,1.24,Win
2024-12-04,70,1.2363,0.621,13.45,0.3034,-1.0182,0.093,テクノロジーチャレンジ,-0.28,Lose
2024-12-05,50,-0.2771,-0.1646,13.54,-0.7398,0.0,0.6148,テクノロジーチャレンジ,0.89,Win
2024-12-06,70,0.895,0.1896,12.77,0.0371,-0.6938,-0.2391,テクノロジーチャレンジ,-0.78,Lose
2024-12-09,45,-0.7788,-0.515,14.19,0.992,1.1563,-0.1178,テクノロジーチャレンジ,-0.34,Lose
2024-12-10,45,-0.3408,-0.3109,14.18,1.3164,0.5239,0.9185,テクノロジーチャレンジ,1.79,Win
2024-12-11,65,1.7902,0.7731,13.58,0.9534,1.1845,0.2635,テクノロジーチャレンジ,-0.65,Lose
2024-12-12,45,-0.6454,-0.5153,13.92,-1.4664,1.2409,0.2885,テクノロジーチャレンジ,0.77,Win
2024-12-13,55,0.7654,-0.0199,13.81,-1.2092,1.7345,0.2246,テクノロジーチャレンジ,1.44,Win
2024-12-16,70,1.4401,0.427,14.69,0.2415,-0.0455,0.5675,テクノロジーチャレンジ,-0.44,Lose
2024-12-17,50,-0.4404,-0.412,15.87,-0.3839,-0.2729,0.4125,テクノロジーチャレンジ,-3.61,Lose
2024-12-18,5,-3.6077,-2.9803,27.62,-1.9185,2.4857,-0.3336,ゴールド,-0.45,Win
2024-12-19,35,-0.4453,-0.0307,24.09,0.1421,1.6911,0.7169,ゴールド,0.87,Lose
2024-12-20,63,0.8733,0.8616,18.36,1.0434,-1.0066,1.9208,スタンダード,0.81,Win
2024-12-23,60,0.8117,0.5988,16.78,-0.4709,1.6578,-0.7047,テクノロジーチャレンジ,1.36,Win
2024-12-24,70,1.356,1.1115,14.27,0.1992,-0.1739,0.4037,テクノロジーチャレンジ,0.0,Lose
2024-12-25,60,0.0,0.0,14.27,0.0,0.0,-0.0369,テクノロジーチャレンジ,-0.07,Lose
2024-12-26,60,-0.0679,0.0067,14.73,0.6751,-0.2614,0.0165,テクノロジーチャレンジ,-1.33,Lose
2024-12-27,50,-1.3293,-1.0527,15.95,-0.6871,0.8736,0.3914,逆チャレンジ,-1.33,Win
2024-12-30,45,-1.33,-1.1412,17.4,-0.319,-1.6021,0.0792,逆チャレンジ,-0.85,Win
2024-12-31,45,-0.8495,-0.3638,17.35,0.6234,0.6161,-0.5561,テクノロジーチャレンジ,-0.2,Lose
2025-01-02,40,-0.1956,-0.2457,17.93,1.3588,0.0437,0.4612,ゴールド,1.64,Lose
2025-01-03,65,1.6365,1.2503,16.13,-0.7864,0.459,-0.2263,テクノロジーチャレンジ,1.15,Win
2025-01-06,65,1.1493,0.5761,16.04,-0.1232,0.4787,0.0756,テクノロジーチャレンジ,-1.78,Lose
2025-01-07,40,-1.7844,-1.1304,17.82,0.5633,1.4075,0.1664,逆チャレンジ,0.02,Lose
2025-01-08,65,0.0175,0.1461,17.7,0.5316,0.2135,0.3125,テクノロジーチャレンジ,0.0,Lose
2025-01-09,55,0.0,0.0,17.7,0.0,0.0,-0.0278,テクノロジーチャレンジ,-1.57,Lose
2025-01-10,40,-1.5681,-1.5267,19.54,0.9558,1.7686,-0.091,逆チャレンジ,-0.32,Win
2025-01-13,55,-0.3214,0.155,19.19,-0.9951,0.5653,-0.1019,スタンダード,-0.09,Lose
2025-01-14,55,-0.0949,0.1376,18.71,0.5249,-0.3123,-0.3312,スタンダード,2.3,Win
2025-01-15,80,2.3006,1.819,16.12,0.7489,-2.8196,0.4359,テクノロジーチャレンジ,-0.7,Lose
2025-01-16,45,-0.7006,-0.1923,16.6,0.6911,-1.0101,-1.1357,テクノロジーチャレンジ,1.69,Win
2025-01-17,70,1.6878,1.004,15.97,-0.5307,0.0651,-0.5753,テクノロジーチャレンジ,0.0,Lose
2025-01-20,60,0.0,0.0,15.97,0.0,0.0,0.6115,テクノロジーチャレンジ,0.59,Win
2025-01-21,65,0.5865,0.9154,15.06,1.5485,-0.7594,-0.6762,テクノロジーチャレンジ,1.28,Win
2025-01-22,70,1.2786,0.5621,15.1,0.5136,0.5466,0.3382,テクノロジーチャレンジ,0.21,Win
2025-01-23,70,0.2126,0.5458,15.02,-0.1415,0.848,0.4275,テクノロジーチャレンジ,-0.57,Lose
2025-01-24,50,-0.5651,-0.2919,14.85,0.6219,-0.2587,-0.1822,テクノロジーチャレンジ,-2.91,Lose
2025-01-27,30,-2.9115,-1.4145,17.9,-1.0405,-2.1185,-0.2632,逆チャレンジ,1.48,Lose
2025-01-28,65,1.478,0.8592,16.41,0.8656,0.508,-0.5361,テクノロジーチャレンジ,-0.19,Lose
2025-01-29,45,-0.1878,-0.4483,16.56,-0.384,0.0879,0.4196,テクノロジーチャレンジ,0.43,Win
2025-01-30,65,0.4262,0.5367,15.84,1.5146,-0.944,-0.2501,テクノロジーチャレンジ,-0.15,Lose
2025-01-31,40,-0.1453,-0.5322,16.43,0.1976,1.2633,-0.6915,ゴールド,-0.8,Win
2025-02-03,45,-0.8003,-0.673,18.62,0.5337,-0.569,0.8216,テクノロジーチャレンジ,1.23,Win
2025-02-04,65,1.2275,0.6708,17.21,0.9848,-0.6604,-0.0554,テクノロジーチャレンジ,0.45,Win
2025-02-05,70,0.4538,0.4055,15.77,0.621,-2.0164,-0.7367,テクノロジーチャレンジ,0.52,Win
2025-02-06,70,0.522,0.3476,15.5,-0.265,0.4071,-0.9907,テクノロジーチャレンジ,-1.26,Lose
2025-02-07,40,-1.2613,-0.9154,16.54,0.1784,1.0586,-0.9259,逆チャレンジ,1.21,Lose
2025-02-10,65,1.2105,0.6791,15.81,1.6938,0.1337,0.4319,テクノロジーチャレンジ,-0.24,Lose
2025-02-11,55,-0.2381,0.0761,16.02,-0.3652,0.9793,-0.0573,テクノロジーチャレンジ,0.06,Win
2025-02-12,55,0.0587,-0.3222,15.89,0.1047,2.2041,0.6458,テクノロジーチャレンジ,1.44,Win
2025-02-13,70,1.4386,1.0558,15.1,0.9863,-2.4154,0.9925,テクノロジーチャレンジ,0.42,Win
2025-02-14,60,0.4199,-0.0049,14.77,-1.4872,-1.1713,-0.8207,テクノロジーチャレンジ,0.0,Lose
2025-02-17,60,0.0,0.0,14.77,0.0,0.0,-0.6314,テクノロジーチャレンジ,0.23,Win
2025-02-18,60,0.2267,0.2936,15.35,1.6561,1.61,-0.3809,テクノロジーチャレンジ,0.03,Win
2025-02-19,70,0.0278,0.2355,15.27,0.0554,-0.1981,0.3216,テクノロジーチャレンジ,-0.42,Lose
2025-02-20,50,-0.4245,-0.416,15.66,0.0517,-0.7718,-0.468,テクノロジーチャレンジ,-2.08,Lose
2025-02-21,30,-2.0755,-1.7104,18.21,-0.0923,-1.7778,-1.1983,逆チャレンジ,-1.18,Win
2025-02-24,45,-1.1804,-0.455,18.98,0.543,-0.6109,-0.0141,逆チャレンジ,-1.26,Win
2025-02-25,45,-1.2599,-0.4973,19.43,-1.3188,-2.1625,0.3193,逆チャレンジ,0.24,Lose
2025-02-26,65,0.2416,0.0505,19.1,0.1526,-1.1401,-0.5245,スタンダード,-2.78,Lose
2025-02-27,25,-2.7771,-1.5962,21.13,-1.524,0.8473,-0.161,逆チャレンジ,1.58,Lose
2025-02-28,65,1.5792,1.5606,19.63,-0.6266,-1.2602,0.7888,テクノロジーチャレンジ,-2.19,Lose
2025-03-03,20,-2.1882,-1.752,22.78,1.318,-1.2054,0.506,逆チャレンジ,-0.3,Win
2025-03-04,40,-0.3018,-1.1837,23.51,0.8698,0.7177,-0.9723,ゴールド,1.3,Lose
2025-03-05,55,1.3036,1.0748,21.93,0.2081,1.3064,0.3309,テクノロジーチャレンジ,-2.75,Lose
2025-03-06,25,-2.7509,-1.7751,24.87,-0.5081,0.4924,-0.6015,逆チャレンジ,0.74,Lose
2025-03-07,60,0.7354,0.5605,23.37,0.0522,0.7233,-0.5306,スタンダード,-3.88,Lose
2025-03-10,10,-3.8756,-2.6636,27.86,-0.8756,-2.4091,-0.3376,ゴールド,-0.24,Win
2025-03-11,15,-0.239,-0.8313,26.92,1.1728,1.7802,-0.3652,ゴールド,1.13,Lose
2025-03-12,60,1.1281,0.5307,24.23,0.4347,0.6996,0.6616,テクノロジーチャレンジ,-1.8,Lose
2025-03-13,35,-1.799,-1.333,24.66,1.7756,-1.019,0.1601,逆チャレンジ,2.42,Lose
2025-03-14,75,2.417,2.0656,21.77,0.04,0.7955,-0.2226,テクノロジーチャレンジ,0.65,Win
2025-03-17,60,0.6484,0.7711,20.51,0.5414,-0.0464,0.4387,スタンダード,-1.7,Lose
2025-03-18,35,-1.7047,-1.0808,21.7,1.1672,-0.5806,0.5256,逆チャレンジ,1.34,Lose
2025-03-19,65,1.3381,1.0891,19.9,0.4108,-0.584,0.0489,テクノロジーチャレンジ,-0.34,Lose
2025-03-20,45,-0.339,-0.2892,19.8,-0.1281,-0.5404,-0.6437,テクノロジーチャレンジ,0.33,Win
2025-03-21,55,0.3297,-0.267,19.28,-0.805,0.4489,0.0714,テクノロジーチャレンジ,2.04,Win
2025-03-24,75,2.0423,1.7909,17.48,-0.4453,1.8579,0.7275,テクノロジーチャレンジ,0.57,Win
2025-03-25,65,0.5707,0.2404,17.15,0.44,-0.5541,0.7329,テクノロジーチャレンジ,-1.84,Lose
2025-03-26,45,-1.8401,-1.1938,18.33,-0.0826,0.7198,-0.5465,逆チャレンジ,-0.57,Win
2025-03-27,40,-0.5698,-0.2656,18.69,1.3406,0.7146,0.3488,ゴールド,-2.63,Win
2025-03-28,25,-2.6328,-2.0138,21.65,0.7412,-2.6093,0.2485,逆チャレンジ,-0.0,Win
2025-03-31,45,-0.0043,0.6713,22.28,1.4363,-0.2115,-0.8154,スタンダード,0.81,Win
2025-04-01,60,0.8061,0.2824,21.77,-0.1978,-2.1196,0.1978,スタンダード,0.73,Win
2025-04-02,60,0.7298,0.6328,21.51,0.2052,0.9625,-0.0867,スタンダード,-5.35,Lose
2025-04-03,0,-5.3534,-4.9281,30.02,-0.6038,-3.3603,-1.2759,ゴールド,-6.21,Win
2025-04-04,0,-6.2109,-5.8543,45.31,-2.3392,-1.7263,-1.1097,ゴールド,0.24,Lose
2025-04-07,20,0.2413,-0.1781,46.98,-2.1486,4.266,-0.5457,ゴールド,-1.8,Win
2025-04-08,13,-1.8008,-1.5663,52.33,0.5444,2.5752,1.62,ゴールド,12.0,Lose
2025-04-09,40,12.0031,10.5019,33.62,3.6991,3.2379,-1.3154,ゴールド,-4.25,Win
2025-04-10,0,-4.2532,-4.3819,40.72,2.4424,-0.1364,1.0655,ゴールド,1.84,Lose
2025-04-11,25,1.8423,1.7843,37.56,1.9087,2.2531,-2.4776,ゴールド,0.68,Lose
2025-04-14,35,0.6778,0.9701,30.89,-0.5706,-2.8711,-0.0355,ゴールド,0.11,Lose
2025-04-15,25,0.1115,-0.2801,30.12,0.5232,-0.9395,-0.3306,ゴールド,-3.02,Win
2025-04-16,0,-3.0153,-2.2228,32.64,3.2541,-1.0178,-0.0279,ゴールド,-0.02,Win
2025-04-17,30,-0.018,0.1427,29.65,-0.4391,1.262,-0.8751,ゴールド,-2.47,Win
2025-04-21,0,-2.4747,-2.3803,33.82,3.0936,1.6617,0.0,ゴールド,2.63,Lose
2025-04-22,50,2.6252,2.6018,30.57,-1.4196,-0.3632,-0.7412,ゴールド,2.27,Lose
2025-04-23,63,2.2678,1.5495,28.45,-2.3979,-0.0456,1.2862,ゴールド,2.81,Lose
2025-04-24,55,2.8137,2.1049,26.47,1.4556,-1.8692,0.3749,ゴールド,1.11,Lose
2025-04-25,60,1.1148,0.7225,24.84,-1.0842,-0.9059,-0.2402,テクノロジーチャレンジ,-0.03,Lose
2025-04-28,30,-0.0317,0.0381,25.15,1.4242,-1.1721,0.6733,ゴールド,0.66,Lose
2025-04-29,60,0.6604,0.6299,24.17,-0.9739,-1.0199,-1.1561,スタンダード,-0.01,Lose
2025-04-30,50,-0.0126,0.0397,24.7,-0.7482,0.0959,0.0851,スタンダード,1.31,Win
2025-05-01,55,1.3061,0.7087,24.6,-2.0772,1.2928,0.499,テクノロジーチャレンジ,1.48,Win
2025-05-02,58,1.4844,1.4844,22.68,0.1748,2.1508,1.7055,テクノロジーチャレンジ,-0.59,Lose
2025-05-05,35,-0.5933,-0.5734,23.64,2.9868,0.4859,-0.5665,ゴールド,-0.93,Win
2025-05-06,35,-0.9302,-0.8358,24.76,2.8024,-0.8059,-0.6707,ゴールド,0.39,Lose
2025-05-07,60,0.3926,0.4206,23.55,-1.4993,-0.766,-0.4309,スタンダード,1.03,Win
2025-05-08,55,1.0325,0.6968,22.48,-1.9694,2.2924,0.5684,テクノロジーチャレンジ,-0.07,Lose
2025-05-09,43,-0.0655,-0.1274,21.9,0.7255,0.0457,1.5064,テクノロジーチャレンジ,4.07,Win
2025-05-12,75,4.074,3.3047,18.39,-2.8191,1.8743,-0.139,テクノロジーチャレンジ,1.52,Win
2025-05-13,68,1.5241,0.6604,18.22,0.4259,0.9423,1.7132,テクノロジーチャレンジ,0.6,Win
2025-05-14,65,0.5993,0.1278,18.62,-2.1038,0.6446,-0.5273,スタンダード,0.11,Win
2025-05-15,60,0.1099,0.4884,17.83,1.5964,-1.6122,-0.5951,テクノロジーチャレンジ,0.44,Win
2025-05-16,65,0.4352,0.6334,17.24,-1.2087,-0.3143,-0.7071,テクノロジーチャレンジ,0.1,Win
2025-05-19,60,0.0959,0.1094,18.14,1.2881,0.7656,-0.2163,スタンダード,-0.33,Lose
2025-05-20,40,-0.3333,-0.3362,18.09,1.8622,0.1341,-0.2223,ゴールド,-1.39,Win
2025-05-21,35,-1.3897,-1.6851,20.87,0.7379,2.5664,-0.4463,逆チャレンジ,0.19,Lose
2025-05-22,60,0.1871,0.0395,20.28,-0.8861,-0.9356,-0.397,スタンダード,-0.93,Lose
2025-05-23,35,-0.9261,-0.6826,22.29,2.1906,-0.9664,0.0716,ゴールド,0.0,Lose
2025-05-26,50,0.0,0.0,22.29,0.0,0.0,-0.6889,テクノロジーチャレンジ,2.35,Win
2025-05-27,80,2.3525,2.0791,18.96,-1.6949,-1.6633,-0.1484,テクノロジーチャレンジ,-0.44,Lose
2025-05-28,48,-0.4432,-0.5785,19.31,-0.2266,0.9698,1.0669,テクノロジーチャレンジ,0.2,Win
2025-05-29,68,0.1966,0.3947,19.18,0.5925,-1.1838,1.0543,スタンダード,-0.16,Lose
2025-05-30,45,-0.1577,-0.1119,18.57,-0.6577,-0.1808,-1.3164,テクノロジーチャレンジ,0.79,Win
2025-06-02,55,0.7898,0.5633,18.36,2.6581,1.0417,0.025,スタンダード,0.78,Win
2025-06-03,65,0.7817,0.5703,17.69,-0.8856,-0.0448,-0.9477,テクノロジーチャレンジ,0.28,Win
2025-06-04,55,0.2788,-0.0268,17.61,0.6442,-2.1301,0.9723,テクノロジーチャレンジ,-0.75,Lose
2025-06-05,45,-0.7527,-0.4833,18.48,-0.505,0.6644,-0.7682,テクノロジーチャレンジ,0.98,Win
2025-06-06,60,0.9775,1.0269,16.77,-1.3416,2.64,0.5675,テクノロジーチャレンジ,0.15,Win
2025-06-09,65,0.1472,0.0901,17.16,0.4719,-0.6209,0.8005,テクノロジーチャレンジ,0.66,Win
2025-06-10,65,0.6614,0.567,16.95,0.0294,-0.1785,-0.1044,テクノロジーチャレンジ,-0.34,Lose
2025-06-11,45,-0.337,-0.2852,17.26,0.5412,-1.3858,0.2062,テクノロジーチャレンジ,0.23,Win
2025-06-12,60,0.2348,0.3974,18.02,1.242,-1.2466,-0.4384,スタンダード,-1.26,Lose
2025-06-13,30,-1.2555,-1.118,20.82,1.3101,1.5378,-0.6997,逆チャレンジ,1.39,Lose
2025-06-16,65,1.391,0.9514,19.11,-1.4259,0.6329,0.6264,テクノロジーチャレンジ,-0.98,Lose
2025-06-17,40,-0.9751,-0.8545,21.6,0.0513,-1.3252,0.4428,ゴールド,-0.02,Win
2025-06-18,40,-0.017,-0.0151,20.14,-0.5386,0.091,0.447,ゴールド,0.0,Lose
2025-06-19,50,0.0,0.0,20.14,0.0,0.0,-0.2896,テクノロジーチャレンジ,-0.41,Lose
2025-06-20,40,-0.4083,-0.5289,20.62,-0.0419,-0.5003,0.1814,ゴールド,0.91,Lose
2025-06-23,65,0.9149,0.9877,19.83,0.3063,-1.2571,0.6927,スタンダード,1.53,Win
2025-06-24,65,1.5292,1.1047,17.48,-1.5719,-0.625,-0.2024,テクノロジーチャレンジ,0.26,Win
2025-06-25,65,0.2556,0.056,16.76,0.3037,0.0,-0.6654,テクノロジーチャレンジ,0.94,Win
2025-06-26,65,0.935,0.7824,16.59,-0.1107,-0.9318,-0.0366,テクノロジーチャレンジ,0.34,Win
2025-06-27,65,0.3424,0.4968,16.32,-1.8124,0.7054,-0.1449,テクノロジーチャレンジ,0.65,Win
2025-06-30,60,0.6477,0.4781,16.73,1.1985,-1.2374,-0.1223,テクノロジーチャレンジ,-0.84,Lose
2025-07-01,45,-0.8429,-0.0324,16.83,0.8923,0.4965,-0.4961,テクノロジーチャレンジ,0.7,Win
2025-07-02,65,0.6965,0.4533,16.64,0.5528,0.988,-0.2768,テクノロジーチャレンジ,0.98,Win
2025-07-03,60,0.984,0.7881,16.38,-0.6823,1.2812,0.0865,テクノロジーチャレンジ,0.0,Lose
2025-07-04,55,0.0,0.0,16.38,0.0,0.0,0.8054,テクノロジーチャレンジ,-0.75,Lose
2025-07-07,40,-0.7533,-0.7452,17.79,0.0749,1.081,-0.1272,ゴールド,0.06,Lose
2025-07-08,55,0.0562,-0.0548,16.81,-1.0443,0.4551,0.9647,テクノロジーチャレンジ,0.71,Win
2025-07-09,70,0.7079,0.5997,15.94,0.4471,-1.6535,0.656,テクノロジーチャレンジ,-0.14,Lose
2025-07-10,60,-0.1438,0.282,15.78,0.2226,0.0921,-0.5005,テクノロジーチャレンジ,-0.23,Lose
2025-07-11,40,-0.225,-0.3515,16.4,0.9602,1.7717,0.1191,ゴールド,0.36,Lose
2025-07-14,65,0.3627,0.1908,17.2,-0.3655,0.0904,0.6884,テクノロジーチャレンジ,0.09,Win
2025-07-15,50,0.0917,-0.4273,17.38,-0.4156,1.4005,0.3374,テクノロジーチャレンジ,0.1,Win
2025-07-16,65,0.1024,0.3343,17.16,0.4988,-0.7574,0.6556,テクノロジーチャレンジ,0.81,Win
2025-07-17,65,0.8093,0.612,16.52,-0.2174,0.1796,-0.5095,テクノロジーチャレンジ,-0.1,Lose
2025-07-18,45,-0.0961,-0.0732,16.41,0.2601,-0.6946,0.2966,テクノロジーチャレンジ,0.52,Win
2025-07-21,60,0.5185,0.1896,16.65,1.537,-1.3538,-0.0074,テクノロジーチャレンジ,-0.52,Lose
2025-07-22,55,-0.5176,0.0143,16.5,0.9485,-0.8234,-0.6885,テクノロジーチャレンジ,0.46,Win
2025-07-23,65,0.4561,0.8508,15.37,-1.2401,1.1993,-0.4233,テクノロジーチャレンジ,0.21,Win
2025-07-24,70,0.2128,0.0331,15.39,-0.6118,0.4558,-0.297,テクノロジーチャレンジ,0.24,Win
2025-07-25,70,0.2407,0.4224,14.93,-0.925,-0.4991,0.4482,テクノロジーチャレンジ,0.31,Win
2025-07-28,60,0.3125,-0.0251,15.03,-0.6474,0.7752,0.5496,テクノロジーチャレンジ,-0.15,Lose
2025-07-29,50,-0.1549,-0.2638,15.98,0.275,-2.0362,0.4506,テクノロジーチャレンジ,0.13,Win
2025-07-30,55,0.134,-0.1259,15.48,-1.7273,1.0624,-0.0249,テクノロジーチャレンジ,-0.53,Lose
2025-07-31,45,-0.5299,-0.3751,16.72,0.6645,-0.3656,0.5282,テクノロジーチャレンジ,-1.97,Lose
2025-08-01,38,-1.9699,-1.639,20.38,2.03,-3.211,1.036,逆チャレンジ,1.85,Lose
2025-08-04,65,1.8452,1.52,17.52,0.5823,-0.4739,-2.2743,テクノロジーチャレンジ,-0.68,Lose
2025-08-05,45,-0.6789,-0.507,17.85,0.0804,-0.0952,-0.3733,テクノロジーチャレンジ,1.26,Win
2025-08-06,65,1.2583,0.766,16.77,-0.2121,0.572,0.5225,テクノロジーチャレンジ,0.34,Win
2025-08-07,55,0.3384,-0.0838,16.57,0.8438,0.5687,-0.2487,テクノロジーチャレンジ,0.93,Win
2025-08-08,70,0.9328,0.7798,15.15,-0.0224,0.9661,-0.2419,テクノロジーチャレンジ,-0.3,Lose
2025-08-11,45,-0.2959,-0.1977,16.25,-1.4375,-0.28,0.5632,テクノロジーチャレンジ,1.26,Win
2025-08-12,70,1.2569,1.0646,14.73,-0.0907,0.4681,0.3122,テクノロジーチャレンジ,0.05,Win
2025-08-13,70,0.05,0.3423,14.49,0.3049,-1.2812,-0.2478,テクノロジーチャレンジ,-0.08,Lose
2025-08-14,55,-0.0775,0.0093,14.83,-0.6339,1.2978,-0.4318,テクノロジーチャレンジ,-0.44,Lose
2025-08-15,50,-0.4397,-0.2341,15.09,0.0586,0.8153,0.3881,テクノロジーチャレンジ,-0.04,Lose
2025-08-18,50,-0.0398,-0.0218,14.99,-0.1561,0.3004,-0.2891,テクノロジーチャレンジ,-1.36,Lose
2025-08-19,50,-1.3568,-0.5425,15.57,-0.5473,-0.8984,0.4427,逆チャレンジ,-0.59,Win
2025-08-20,45,-0.5937,-0.2657,15.69,1.0122,-0.1395,-0.1251,テクノロジーチャレンジ,-0.46,Lose
2025-08-21,45,-0.463,-0.4012,16.6,-0.347,0.7914,-0.2796,テクノロジーチャレンジ,1.54,Win
2025-08-22,65,1.5427,1.5357,14.22,1.0706,-1.6166,0.725,テクノロジーチャレンジ,-0.29,Lose
2025-08-25,50,-0.2885,-0.4401,14.79,-0.2415,0.3521,-0.7892,テクノロジーチャレンジ,0.4,Win
2025-08-26,70,0.4015,0.4187,14.62,0.7262,-0.3977,0.4123,テクノロジーチャレンジ,0.15,Win
2025-08-27,70,0.1537,0.2279,14.85,0.2019,-0.4697,-0.2435,テクノロジーチャレンジ,0.63,Win
2025-08-28,70,0.626,0.3541,14.43,0.7419,-0.7315,-0.099,テクノロジーチャレンジ,-1.16,Lose
2025-08-29,50,-1.1576,-0.5964,15.36,0.965,0.4754,-0.3571,逆チャレンジ,0.0,Lose
2025-09-01,60,0.0,0.0,15.36,0.0,0.0,0.2091,テクノロジーチャレンジ,-0.84,Lose
2025-09-02,35,-0.838,-0.741,17.17,2.3643,1.1829,-0.0088,ゴールド,0.79,Lose
2025-09-03,65,0.7867,0.542,16.35,0.7832,-1.5431,0.9954,テクノロジーチャレンジ,0.91,Win
2025-09-04,70,0.9051,0.8357,15.3,-0.4419,-0.8312,-0.3824,テクノロジーチャレンジ,0.14,Win
2025-09-05,55,0.1443,-0.2896,15.18,1.3346,-2.1552,0.2669,テクノロジーチャレンジ,0.49,Win
2025-09-08,65,0.4878,0.2457,15.11,1.1388,-0.979,-0.0209,テクノロジーチャレンジ,0.28,Win
2025-09-09,70,0.2833,0.2312,15.04,-0.227,0.692,-0.6606,テクノロジーチャレンジ,0.03,Win
2025-09-10,70,0.0327,0.2891,15.35,0.3592,-1.0309,0.019,テクノロジーチャレンジ,0.58,Win
2025-09-11,70,0.5821,0.831,14.71,-0.1491,-0.5208,-0.0407,テクノロジーチャレンジ,0.44,Win
2025-09-12,55,0.4417,-0.0335,14.76,0.1972,1.2466,-0.0733,テクノロジーチャレンジ,0.86,Win
2025-09-15,65,0.8557,0.5324,15.69,1.0405,-0.6649,0.3002,テクノロジーチャレンジ,-0.08,Lose
2025-09-16,45,-0.0845,-0.1377,16.36,0.2006,-0.1983,-0.1768,テクノロジーチャレンジ,-0.2,Lose
2025-09-17,45,-0.1996,-0.1242,15.72,-0.7715,1.2419,-0.673,テクノロジーチャレンジ,0.9,Win
2025-09-18,70,0.9017,0.4672,15.7,-0.4006,0.6869,0.3265,テクノロジーチャレンジ,0.68,Win
2025-09-19,65,0.6769,0.2174,15.45,1.0607,0.8528,0.7189,テクノロジーチャレンジ,0.48,Win
2025-09-22,60,0.4755,0.4731,16.1,1.7306,0.0966,0.1,テクノロジーチャレンジ,-0.66,Lose
2025-09-23,45,-0.6642,-0.5444,16.64,0.4086,-0.5552,-0.2498,テクノロジーチャレンジ,-0.35,Lose
2025-09-24,45,-0.3511,-0.3182,16.18,-0.9063,0.6553,-0.0758,テクノロジーチャレンジ,-0.43,Lose
2025-09-25,45,-0.4311,-0.4614,16.74,0.4165,0.6028,0.7709,テクノロジーチャレンジ,0.41,Win
2025-09-26,70,0.4111,0.5729,15.29,0.5772,0.3595,0.7462,テクノロジーチャレンジ,0.46,Win
2025-09-29,60,0.4631,0.281,16.12,1.6497,-1.0986,-0.3043,テクノロジーチャレンジ,0.27,Win
2025-09-30,65,0.2739,0.3767,16.28,0.854,0.169,-0.5421,テクノロジーチャレンジ,0.48,Win
2025-10-01,65,0.4797,0.3408,16.29,0.1575,-1.0125,-0.4024,テクノロジーチャレンジ,0.41,Win
2025-10-02,65,0.4111,0.1152,16.63,-0.3483,-0.4384,-0.6176,テクノロジーチャレンジ,-0.42,Lose
2025-10-03,45,-0.421,-0.0015,16.65,0.8033,0.7583,0.0456,テクノロジーチャレンジ,0.75,Win
2025-10-06,58,0.751,0.3586,16.37,1.8846,1.0439,1.6691,テクノロジーチャレンジ,-0.53,Lose
2025-10-07,45,-0.5266,-0.3707,17.24,0.5159,-0.8409,0.4846,テクノロジーチャレンジ,1.15,Win
2025-10-08,63,1.1464,0.5963,16.3,1.6491,0.0485,1.1441,テクノロジーチャレンジ,-0.12,Lose
2025-10-09,45,-0.121,-0.2897,16.43,-1.8453,0.4601,0.4137,テクノロジーチャレンジ,-3.47,Lose
2025-10-10,20,-3.4714,-2.7028,21.66,1.0098,-2.3385,0.1867,逆チャレンジ,2.12,Lose
2025-10-13,75,2.1221,1.5344,19.03,2.4301,0.0,-0.5943,テクノロジーチャレンジ,-0.67,Lose
2025-10-14,40,-0.6661,-0.1222,20.81,0.7141,-0.7159,0.2486,ゴールド,0.71,Lose
2025-10-15,55,0.7057,0.444,20.64,1.7332,0.5967,-0.4612,スタンダード,-0.37,Lose
2025-10-16,20,-0.3703,-0.681,25.31,2.3387,-1.7301,-0.4989,ゴールド,0.66,Lose
2025-10-17,60,0.6567,0.5676,20.78,-1.8817,0.7797,-0.5657,スタンダード,1.26,Win
2025-10-20,60,1.2601,1.04,18.23,3.6402,-0.5241,0.5196,テクノロジーチャレンジ,-0.03,Lose
2025-10-21,45,-0.0262,-0.0015,17.87,-6.4269,-0.577,-0.0835,テクノロジーチャレンジ,-0.96,Lose
2025-10-22,45,-0.9634,-0.5199,18.6,0.0106,-0.2523,0.7422,テクノロジーチャレンジ,0.84,Win
2025-10-23,65,0.8406,0.593,17.3,0.4002,0.9613,0.0402,テクノロジーチャレンジ,1.07,Win
2025-10-24,65,1.0678,0.8173,16.37,-0.3353,0.1503,0.4265,テクノロジーチャレンジ,1.78,Win
2025-10-27,70,1.7809,1.1798,15.79,-2.784,0.0,0.3008,テクノロジーチャレンジ,0.77,Win
2025-10-28,65,0.769,0.2656,16.42,-0.7166,-0.3503,-0.2411,テクノロジーチャレンジ,0.45,Win
2025-10-29,60,0.4503,0.048,16.92,-0.3787,1.883,-0.6294,テクノロジーチャレンジ,-1.53,Lose
2025-10-30,40,-1.5289,-1.0998,16.91,1.9642,0.8625,0.6531,逆チャレンジ,0.48,Lose
2025-10-31,65,0.4824,0.328,17.44,-0.5431,0.1955,0.7713,テクノロジーチャレンジ,0.48,Win
2025-11-03,65,0.4785,0.1877,17.17,0.1793,0.1219,0.1917,テクノロジーチャレンジ,-2.03,Lose
2025-11-04,30,-2.0298,-1.1854,19.0,-1.7517,-0.414,0.0058,逆チャレンジ,0.65,Lose
2025-11-05,55,0.6508,0.3465,18.01,1.1564,1.663,-0.4196,スタンダード,-1.86,Lose
2025-11-06,45,-1.8627,-1.0729,19.5,-0.1201,-1.5396,0.336,逆チャレンジ,-0.32,Win
2025-11-07,55,-0.3155,0.0985,19.08,0.6119,0.0,-0.7302,スタンダード,2.21,Win
2025-11-10,75,2.2124,1.5604,17.6,2.7341,0.4153,0.5682,テクノロジーチャレンジ,-0.27,Lose
2025-11-11,55,-0.2664,0.2289,17.28,0.3938,0.2433,0.2139,テクノロジーチャレンジ,-0.08,Lose
2025-11-12,50,-0.0788,0.0556,17.51,1.6111,-1.3349,-0.0461,テクノロジーチャレンジ,-2.04,Lose
2025-11-13,20,-2.0416,-1.6594,20.0,-0.8083,1.1562,0.4141,逆チャレンジ,0.08,Lose
2025-11-14,55,0.0756,-0.0164,19.83,-1.8048,0.8755,-0.0517,テクノロジーチャレンジ,-0.85,Lose
2025-11-17,40,-0.8541,-0.9316,22.38,-1.1464,-0.3616,-0.031,ゴールド,-1.22,Win
2025-11-18,40,-1.2176,-0.8398,24.69,0.7265,-0.2419,0.4451,逆チャレンジ,0.6,Lose
2025-11-19,60,0.597,0.3863,23.66,0.1629,0.2425,0.1771,スタンダード,-2.37,Lose
2025-11-20,10,-2.3672,-1.5242,26.42,-0.0293,-0.6533,0.9283,ゴールド,0.75,Lose
2025-11-21,60,0.7513,0.9961,23.43,-0.1547,-1.0472,0.2401,スタンダード,2.56,Win
2025-11-24,70,2.5573,1.4719,20.52,1.5844,-0.6153,-0.4327,テクノロジーチャレンジ,0.62,Win
2025-11-25,65,0.6164,0.9406,18.56,-0.0316,-0.8915,0.1602,スタンダード,0.88,Win
2025-11-26,65,0.8836,0.6903,17.19,0.7998,-0.0999,-0.4518,テクノロジーチャレンジ,0.0,Lose
2025-11-27,55,0.0,0.0,17.19,0.0,0.0,0.0058,テクノロジーチャレンジ,0.81,Win
2025-11-28,60,0.8107,0.5458,16.35,1.2424,0.4752,0.0288,テクノロジーチャレンジ,-0.34,Lose
2025-12-01,40,-0.3359,-0.4565,17.24,0.4821,1.9666,-0.2278,ゴールド,0.78,Lose
2025-12-02,65,0.7826,0.1852,16.59,-0.644,-0.2441,-0.2379,テクノロジーチャレンジ,0.24,Win
2025-12-03,65,0.2444,0.3463,16.08,-0.093,-0.7097,0.1607,テクノロジーチャレンジ,-0.09,Lose
2025-12-04,55,-0.093,0.0731,15.78,0.0646,1.2571,-0.4493,テクノロジーチャレンジ,0.41,Win
2025-12-05,70,0.4077,0.1899,15.41,-0.1782,0.7546,0.0226,テクノロジーチャレンジ,-0.19,Lose
2025-12-08,45,-0.1918,-0.3004,16.66,-0.2639,0.7973,0.1276,テクノロジーチャレンジ,0.12,Win
2025-12-09,55,0.1233,-0.0863,16.93,0.5137,0.3356,0.3244,テクノロジーチャレンジ,0.41,Win
2025-12-10,70,0.4096,0.6632,15.77,0.4259,-0.5256,0.6378,テクノロジーチャレンジ,-0.32,Lose
2025-12-11,55,-0.3234,0.2327,14.85,1.077,-0.5524,-0.6682,テクノロジーチャレンジ,-1.91,Lose
2025-12-12,45,-1.9118,-1.0752,15.74,0.5595,1.2799,-0.1431,逆チャレンジ,-0.5,Win
2025-12-15,45,-0.5019,-0.1511,16.5,0.091,-0.2861,0.2063,テクノロジーチャレンジ,0.2,Win
2025-12-16,55,0.1982,-0.2732,16.48,0.0227,-0.7891,-0.56,テクノロジーチャレンジ,-1.85,Lose
2025-12-17,45,-1.8537,-1.1004,17.62,0.8588,0.0482,-0.1529,逆チャレンジ,1.45,Lose
2025-12-18,65,1.449,0.7551,16.87,-0.1803,-0.8432,0.4632,テクノロジーチャレンジ,1.3,Win
2025-12-19,70,1.3035,0.6091,14.91,0.1129,0.8503,0.0585,テクノロジーチャレンジ,0.35,Win
2025-12-22,68,0.3501,0.623,14.08,2.3082,0.4336,1.3433,テクノロジーチャレンジ,0.47,Win
2025-12-23,65,0.4683,0.457,14.0,1.3252,0.0,-0.5067,テクノロジーチャレンジ,0.29,Win
2025-12-24,70,0.2926,0.3518,13.47,-0.4134,-0.7916,-0.4468,テクノロジーチャレンジ,-0.01,Lose
2025-12-26,45,-0.0064,-0.0101,13.6,1.1677,0.0,-0.0551,テクノロジーチャレンジ,-0.48,Lose
2025-12-29,50,-0.4841,-0.3564,14.2,-4.3528,-0.4836,0.239,テクノロジーチャレンジ,-0.23,Lose
2025-12-30,50,-0.2319,-0.1221,14.33,0.0728,0.3401,-0.2876,テクノロジーチャレンジ,-0.83,Lose
2025-12-31,50,-0.8266,-0.7409,14.95,-0.6468,0.799,0.2564,テクノロジーチャレンジ,-0.19,Lose
2026-01-02,60,-0.1937,0.1833,14.51,0.4971,0.5765,0.2033,テクノロジーチャレンジ,0.79,Win
2026-01-05,65,0.7943,0.666,14.9,2.6313,-0.5254,0.1646,テクノロジーチャレンジ,0.88,Win
2026-01-06,65,0.8787,0.5947,14.75,1.0813,0.3361,-0.2312,テクノロジーチャレンジ,0.1,Win
2026-01-07,60,0.0962,-0.3223,15.38,-0.956,-0.9811,0.0345,テクノロジーチャレンジ,-0.57,Lose
2026-01-08,45,-0.5689,-0.0102,15.45,0.5523,1.0875,0.0326,テクノロジーチャレンジ,1.0,Win
2026-01-09,70,0.996,0.6613,14.49,0.7242,-0.2869,0.0951,テクノロジーチャレンジ,0.08,Win
2026-01-12,65,0.083,0.157,15.12,1.8723,0.3836,0.8089,テクノロジーチャレンジ,-0.15,Lose
2026-01-13,50,-0.1483,-0.1999,15.98,-0.1421,-0.3821,-0.1031,テクノロジーチャレンジ,-1.07,Lose
2026-01-14,40,-1.0683,-0.4915,16.75,1.0222,-0.7432,0.7551,逆チャレンジ,0.36,Lose
2026-01-15,70,0.3599,0.2723,15.84,-0.6128,0.4831,-0.4881,テクノロジーチャレンジ,-0.08,Lose
2026-01-16,45,-0.0836,-0.0838,15.86,-0.4819,1.7067,0.1225,テクノロジーチャレンジ,0.0,Lose
2026-01-19,60,0.0,0.0,15.86,0.0,0.0,-0.669,テクノロジーチャレンジ,-2.12,Lose
2026-01-20,15,-2.1247,-2.0357,20.09,3.7836,1.5126,0.4075,逆チャレンジ,1.35,Lose
2026-01-21,60,1.3518,1.1541,16.9,1.4569,-0.9779,-0.0095,テクノロジーチャレンジ,0.73,Win
2026-01-22,65,0.7269,0.5223,15.64,1.8463,-0.094,0.1859,テクノロジーチャレンジ,0.32,Win
2026-01-23,60,0.3157,0.0363,16.09,1.3745,-0.2354,0.0284,テクノロジーチャレンジ,0.44,Win
2026-01-26,60,0.44,0.5078,16.15,1.4629,-0.6134,-2.1041,テクノロジーチャレンジ,0.91,Win
2026-01-27,60,0.9065,0.3984,16.35,2.4532,0.2374,-0.5349,テクノロジーチャレンジ,0.33,Win
2026-01-28,50,0.3311,-0.0101,16.35,3.8773,0.663,-1.2201,テクノロジーチャレンジ,-0.6,Lose
2026-01-29,45,-0.5985,-0.1984,16.88,0.2709,-0.5646,0.4218,テクノロジーチャレンジ,-1.2,Lose
2026-01-30,45,-1.2011,-0.2983,17.44,-10.2742,0.3312,0.0431,逆チャレンジ,0.69,Lose
2026-02-02,68,0.6866,0.4971,16.34,-4.0049,0.8017,1.3319,テクノロジーチャレンジ,-1.54,Lose
2026-02-03,40,-1.5364,-0.8455,18.0,6.3587,-0.0234,0.1553,逆チャレンジ,-1.75,Win
2026-02-04,45,-1.7469,-0.4844,18.64,-0.0704,0.0234,0.229,逆チャレンジ,-1.44,Win
2026-02-05,40,-1.4395,-1.2489,21.77,-2.6632,-1.5205,0.7176,逆チャレンジ,2.11,Lose
2026-02-06,70,2.1138,1.9185,20.37,3.0732,-0.095,-0.0848,テクノロジーチャレンジ,0.77,Win
2026-02-09,60,0.766,0.4822,17.36,2.5403,-0.1902,0.2934,テクノロジーチャレンジ,-0.46,Lose
2026-02-10,45,-0.4639,-0.2637,17.79,-0.9914,-1.2149,-0.7072,テクノロジーチャレンジ,0.27,Win
2026-02-11,50,0.2682,-0.0231,17.65,1.1311,0.6028,-1.0568,テクノロジーチャレンジ,-2.03,Lose
2026-02-12,25,-2.0339,-1.5449,20.82,-3.4728,-1.6299,-0.7852,逆チャレンジ,0.21,Lose
2026-02-13,55,0.2131,0.0705,20.6,2.4879,-1.1696,-0.2923,スタンダード,0.0,Lose
2026-02-16,50,0.0,0.0,20.6,0.0,0.0,-0.0275,テクノロジーチャレンジ,-0.1,Lose
2026-02-17,50,-0.103,0.1613,20.29,-3.117,-0.0986,0.5433,スタンダード,0.75,Win
2026-02-18,60,0.7467,0.5038,19.62,2.249,0.6663,-0.2995,スタンダード,-0.38,Lose
2026-02-19,43,-0.383,-0.2637,20.23,0.2793,-0.0981,1.0082,テクノロジーチャレンジ,0.88,Win
2026-02-20,60,0.8849,0.7232,19.09,1.9715,0.2699,0.3019,スタンダード,-1.22,Lose
2026-02-23,35,-1.2155,-1.0211,21.01,2.7016,-1.395,-0.5291,逆チャレンジ,1.07,Lose
2026-02-24,65,1.0741,0.7269,19.55,-1.3859,0.0993,0.1918,テクノロジーチャレンジ,1.45,Win
2026-02-25,65,1.4493,0.8438,17.93,-0.2507,0.3719,0.8051,テクノロジーチャレンジ,-1.21,Lose
2026-02-26,45,-1.2065,-0.5554,18.63,0.8576,-0.7658,0.2053,逆チャレンジ,-0.32,Win
2026-02-27,40,-0.3201,-0.4802,19.86,1.3131,-1.3692,-0.2183,ゴールド,0.13,Lose
2026-03-02,50,0.1317,0.0569,21.44,1.292,2.1706,0.4966,スタンダード,-1.07,Lose
2026-03-03,40,-1.0706,-0.8814,23.57,-4.4612,0.1976,0.3984,逆チャレンジ,1.52,Lose
2026-03-04,60,1.5243,0.7055,21.15,0.7818,0.5917,0.3281,テクノロジーチャレンジ,-0.3,Lose
2026-03-05,35,-0.3013,-0.5576,23.75,-1.2018,1.6176,-0.5007,ゴールド,-1.5,Win
2026-03-06,20,-1.5043,-1.3107,29.49,1.5833,-0.3136,0.351,ゴールド,1.34,Lose
2026-03-09,45,1.3356,0.876,25.5,-0.207,0.0726,0.5669,ゴールド,0.0,Lose
2026-03-10,45,0.0016,-0.1607,24.93,1.128,0.0,-0.3655,テクノロジーチャレンジ,-0.01,Lose
2026-03-11,35,-0.0132,-0.1255,24.23,-0.339,1.7408,0.1685,ゴールド,-1.72,Win
2026-03-12,20,-1.7163,-1.5185,27.29,-1.9654,1.5447,0.6078,ゴールド,-0.59,Win
2026-03-13,25,-0.5927,-0.566,27.19,-1.2937,0.2808,0.0823,ゴールド,1.12,Lose
2026-03-16,60,1.1217,1.0177,23.51,-0.089,-1.5169,0.2274,テクノロジーチャレンジ,0.49,Win
2026-03-17,60,0.488,0.2631,22.37,-0.2519,-0.4265,-0.2902,スタンダード,-1.39,Lose
2026-03-18,20,-1.394,-1.3954,25.09,-3.1637,1.3565,-0.1358,ゴールド,-0.32,Win
2026-03-19,40,-0.316,-0.2464,24.06,-4.1215,0.5166,0.5702,ゴールド,-1.85,Win
2026-03-20,20,-1.8482,-1.702,26.78,-3.0557,2.5695,-1.1709,ゴールド,1.02,Lose
2026-03-23,45,1.0205,1.05,26.15,-2.2594,-1.2981,0.8295,ゴールド,-0.68,Win
2026-03-24,20,-0.6837,-0.3357,26.95,0.0223,1.3383,-0.4741,ゴールド,0.66,Lose
2026-03-25,40,0.6576,0.5573,25.33,3.0089,-1.4572,0.1508,ゴールド,-2.39,Win
2026-03-26,5,-2.3868,-1.7859,27.44,-3.7594,2.0333,0.4196,ゴールド,-1.95,Win
2026-03-27,10,-1.9537,-1.7052,31.05,3.5094,0.5435,0.2008,ゴールド,-0.76,Win
2026-03-30,15,-0.7643,-0.3343,30.61,-0.0289,-2.2072,0.3319,ゴールド,3.39,Lose
2026-03-31,55,3.3854,2.9068,25.25,3.7894,-0.714,-0.2453,ゴールド,1.24,Lose
2026-04-01,55,1.2353,0.7534,24.54,1.75,0.1856,-0.7895,テクノロジーチャレンジ,0.11,Win
2026-04-02,60,0.1147,0.09,23.87,-1.9209,-0.1389,0.0687,スタンダード,0.0,Lose
2026-04-03,50,0.0,0.0,23.87,0.0,0.0,0.506,テクノロジーチャレンジ,0.6,Win
2026-04-06,60,0.6017,0.4727,24.17,-0.4099,0.5101,0.1812,スタンダード,0.02,Win
2026-04-07,45,0.0153,0.044,25.78,0.9728,0.1845,-0.0607,ゴールド,2.97,Lose
2026-04-08,75,2.9732,2.547,21.04,0.6299,-1.1973,-0.6056,テクノロジーチャレンジ,0.68,Win
2026-04-09,65,0.6765,0.5769,19.49,0.7779,0.0466,-0.0466,スタンダード,0.14,Win
2026-04-10,55,0.1442,-0.0662,19.23,-0.1781,0.559,0.2963,テクノロジーチャレンジ,1.03,Win
2026-04-13,65,1.0343,0.9772,19.12,-0.4049,-0.4633,0.357,テクノロジーチャレンジ,1.82,Win
2026-04-14,60,1.8157,1.2185,18.36,2.2349,-0.9542,-0.2918,テクノロジーチャレンジ,1.4,Win
2026-04-15,65,1.3999,0.7891,18.17,-1.0402,0.6109,-0.2651,テクノロジーチャレンジ,0.48,Win
2026-04-16,65,0.4816,0.2457,17.94,-0.0863,0.6305,0.0107,テクノロジーチャレンジ,1.31,Win
2026-04-17,60,1.3084,1.2086,17.48,1.3293,-1.4621,0.2431,テクノロジーチャレンジ,-0.32,Lose
2026-04-20,45,-0.3175,-0.2,18.87,-0.8611,0.0942,-0.0214,テクノロジーチャレンジ,-0.38,Lose
2026-04-21,45,-0.3803,-0.6547,19.5,-2.832,0.9882,-0.1992,テクノロジーチャレンジ,1.67,Win
2026-04-22,60,1.6731,1.0127,18.92,1.3246,0.0466,0.333,テクノロジーチャレンジ,-0.56,Lose
2026-04-23,45,-0.5633,-0.3881,19.31,-0.9695,0.6754,0.0722,テクノロジーチャレンジ,1.91,Win
2026-04-24,65,1.9127,0.7749,18.71,0.5127,-0.3007,0.1624,テクノロジーチャレンジ,0.05,Win
2026-04-27,65,0.0527,0.1723,18.02,-0.7755,0.6032,-0.107,スタンダード,-1.01,Lose
2026-04-28,45,-1.0057,-0.4866,17.83,-1.8563,0.4151,-0.1372,逆チャレンジ,0.61,Lose
2026-04-29,50,0.6114,-0.0155,18.81,-1.0666,1.4699,0.1224,テクノロジーチャレンジ,0.93,Win
2026-04-30,60,0.9326,0.995,16.89,1.4973,-0.6338,0.3961,テクノロジーチャレンジ,0.96,Win
2026-05-01,65,0.96,0.2769,16.99,-0.1133,-0.2734,-2.0015,テクノロジーチャレンジ,-0.19,Lose
2026-05-04,40,-0.1884,-0.3663,18.29,-2.0015,1.5532,-0.0841,ゴールド,1.3,Lose
2026-05-05,65,1.2974,0.8022,17.38,0.8584,-0.6748,0.2219,テクノロジーチャレンジ,2.08,Win
2026-05-06,75,2.0774,1.3899,17.39,3.0339,-1.3587,0.3073,テクノロジーチャレンジ,-0.12,Lose
2026-05-07,45,-0.1193,-0.3066,17.08,0.1671,0.8265,-0.7414,テクノロジーチャレンジ,2.34,Win
2026-05-08,80,2.3441,0.8256,17.19,0.4842,-0.6375,0.2051,テクノロジーチャレンジ,0.29,Win
2026-05-11,60,0.2896,0.2278,18.38,0.2029,1.0541,0.0185,スタンダード,-0.85,Lose
2026-05-12,40,-0.8482,-0.1515,17.99,-0.3957,1.2018,0.2378,ゴールド,1.06,Lose
2026-05-13,65,1.0562,0.5595,17.87,-0.5613,0.4033,0.2798,テクノロジーチャレンジ,0.71,Win
2026-05-14,65,0.7108,0.7894,17.26,-0.7642,-0.4463,0.1142,テクノロジーチャレンジ,-1.51,Lose
2026-05-15,40,-1.5088,-1.2029,18.43,-2.322,3.0038,0.3364,逆チャレンジ,-0.43,Win
2026-05-18,45,-0.4302,-0.0703,17.82,0.2732,0.6094,0.2917,テクノロジーチャレンジ,-0.62,Lose
2026-05-19,45,-0.6162,-0.6661,18.06,-1.6562,0.9518,0.0107,テクノロジーチャレンジ,1.66,Win
2026-05-20,60,1.6564,1.0249,17.44,1.4338,-2.0356,0.1095,テクノロジーチャレンジ,0.19,Win
2026-05-21,65,0.1907,0.1983,16.76,-0.0982,0.3062,-0.0924,テクノロジーチャレンジ,0.42,Win
2026-05-22,65,0.4241,0.3932,16.7,-0.7602,-0.6106,0.0818,テクノロジーチャレンジ,0.0,Lose
2026-05-25,55,0.0,0.0,16.59,0.0,0.0,-0.0453,テクノロジーチャレンジ,1.78,Win
2026-05-26,65,1.7755,0.6639,17.01,0.0435,-1.4261,0.005,テクノロジーチャレンジ,-0.11,Lose
2026-05-27,45,-0.1137,-0.0173,16.29,-1.3309,-0.2671,0.1818,テクノロジーチャレンジ,0.84,Win
2026-05-28,65,0.8431,0.5517,15.74,1.0478,-0.5802,0.2041,テクノロジーチャレンジ,0.37,Win
2026-05-29,65,0.3684,0.2491,15.32,1.0539,-0.0449,-0.1867,テクノロジーチャレンジ,0.6,Win
2026-06-01,65,0.6,0.2723,16.05,-1.4049,0.494,0.0521,テクノロジーチャレンジ,0.46,Win
2026-06-02,70,0.4605,0.1358,15.77,0.1678,-0.4469,0.1776,テクノロジーチャレンジ,-0.26,Lose
2026-06-03,45,-0.2613,-0.7017,16.06,-0.9904,0.8081,0.208,テクノロジーチャレンジ,-0.48,Lose
2026-06-04,60,-0.4837,0.3779,15.4,0.8336,-0.3117,-0.0175,テクノロジーチャレンジ,-4.8,Lose
2026-06-05,20,-4.8001,-2.5809,21.51,-3.6545,1.3178,0.0313,逆チャレンジ,1.56,Lose
2026-06-08,65,1.5616,0.2264,18.92,0.2599,0.3527,0.2106,テクノロジーチャレンジ,-1.15,Lose
2026-06-09,45,-1.1507,-0.2936,19.87,-1.6336,-0.5272,-0.0954,逆チャレンジ,-2.0,Win
2026-06-10,40,-1.9977,-1.5766,22.22,-4.1456,0.3092,0.1311,逆チャレンジ,3.38,Lose
2026-06-11,75,3.3776,1.6997,19.44,3.1342,-1.7393,0.0892,テクノロジーチャレンジ,0.59,Win
2026-06-12,65,0.5885,0.5408,17.68,0.0569,0.5378,-0.2473,テクノロジーチャレンジ,3.14,Win
2026-06-15,75,3.1414,1.7634,16.2,2.5896,-0.4012,-0.1093,テクノロジーチャレンジ,-1.9,Lose
2026-06-16,45,-1.9005,-0.5962,16.41,0.2724,-0.9174,0.1713,逆チャレンジ,-1.01,Win
2026-06-17,45,-1.007,-1.2488,18.44,-2.271,0.7904,0.1186,逆チャレンジ,2.51,Lose
2026-06-18,80,2.5065,0.7801,16.4,-0.3809,-0.2689,0.1128,テクノロジーチャレンジ,0.0,Lose
2026-06-19,55,0.0,0.0,16.4,0.0,0.0,0.429,テクノロジーチャレンジ,-0.36,Lose
2026-06-22,40,-0.3605,-0.3147,17.28,-0.6535,1.3031,0.0893,ゴールド,-3.29,Win
2026-06-23,30,-3.2929,-1.4522,19.49,-1.8903,-0.3548,0.0849,逆チャレンジ,-0.42,Win
2026-06-24,45,-0.4246,-0.0464,18.63,-3.0213,-2.0254,0.0179,テクノロジーチャレンジ,0.81,Win
2026-06-25,65,0.8106,0.1446,18.89,0.9674,-0.2272,0.1015,スタンダード,-1.38,Lose
2026-06-26,40,-1.3764,-0.7231,18.41,1.1287,-0.4554,0.026,逆チャレンジ,2.49,Lose
2026-06-29,80,2.4854,1.6475,17.65,-1.3516,0.0457,-0.0111,テクノロジーチャレンジ,1.7,Win
2026-06-30,60,1.7015,0.7787,16.45,-0.0543,1.0059,0.0841,テクノロジーチャレンジ,-1.52,Lose
2026-07-01,40,-1.525,-0.1353,16.59,0.6026,1.2902,0.4354,逆チャレンジ,-1.73,Win
2026-07-02,40,-1.7334,-0.1314,16.15,2.0318,0.2235,-0.0547,逆チャレンジ,0.0,Lose
2026-07-03,55,0.0,0.0,16.15,0.0,0.0,-0.6706,テクノロジーチャレンジ,1.43,Win
2026-07-06,65,1.4342,0.8727,15.57,1.0578,-0.1338,0.0019,テクノロジーチャレンジ,-1.85,Lose
2026-07-07,40,-1.8525,-0.4752,16.13,-1.2143,1.1163,0.3939,逆チャレンジ,0.28,Lose
2026-07-08,55,0.2833,-0.3089,16.9,-0.8053,0.8832,0.1697,テクノロジーチャレンジ,1.66,Win
2026-07-09,70,1.6642,0.8465,15.84,0.9961,-0.6566,0.1084,テクノロジーチャレンジ,0.31,Win
2026-07-10,70,0.3083,0.431,15.03,-0.3094,0.6609,-0.1083,テクノロジーチャレンジ,-1.9,Lose
2026-07-13,45,-1.898,-0.7656,17.16,-2.6206,0.8755,-0.2987,逆チャレンジ,1.12,Lose
2026-07-14,60,1.117,0.3551,16.5,1.3674,-0.5207,0.3404,テクノロジーチャレンジ,-0.27,Lose
2026-07-15,60,-0.271,0.3964,15.67,0.0537,-0.8724,-0.149,テクノロジーチャレンジ,-1.64,Lose
2026-07-16,45,-1.644,-0.5419,16.73,-1.9847,0.528,-0.0709,逆チャレンジ,-1.5,Win
2026-07-17,45,-1.503,-0.9897,18.77,0.9453,-0.6128,0.1876,逆チャレンジ,0.1,Lose
2026-07-20,50,0.105,-0.1614,18.65,-0.2199,1.2552,0.0837,テクノロジーチャレンジ,1.85,Win
2026-07-21,60,1.8547,0.8341,17.05,1.9614,0.6525,-0.0154,テクノロジーチャレンジ,-0.51,Lose
2026-07-22,40,-0.5106,-0.1163,16.64,1.1499,0.6266,0.4302,ゴールド,-1.9,Win
2026-07-23,45,-1.8983,-1.2349,18.7,-2.0046,0.9878,-0.0644,逆チャレンジ,-1.12,Win
2026-07-24,55,-1.1171,0.1016,18.58,0.1023,-0.5103,0.4605,逆チャレンジ,-0.31,Win
2026-07-27,55,-0.3084,0.0217,18.67,0.7341,-0.8121,-0.1349,スタンダード,-0.97,Lose
2026-07-28,55,-0.972,0.2395,18.21,-1.4041,-0.7972,0.0978,スタンダード,-2.04,Lose
2026-07-29,25,-2.037,-1.5387,20.66,0.4629,0.391,0.0568,逆チャレンジ,3.3,Lose
2026-07-30,75,3.2974,1.6766,17.09,1.6385,0.8871,-0.3442,テクノロジーチャレンジ,0.65,Win
2026-07-31,65,0.6496,0.72,15.99,-1.4901,1.7585,-1.9088,テクノロジーチャレンジ,1.76,Win
2026-08-03,70,1.7558,1.4243,15.86,0.0458,-1.2434,-1.6238,テクノロジーチャレンジ,3.4,Win
2026-08-04,80,3.3968,1.8029,16.5,0.6591,-1.2591,-0.0336,テクノロジーチャレンジ,-0.9,Lose
2026-08-05,45,-0.9049,-0.1997,15.81,4.1373,-0.2161,0.1035,テクノロジーチャレンジ,-0.37,Lose
2026-08-06,45,-0.3694,-0.1598,15.15,0.0077,1.1479,-0.0583,テクノロジーチャレンジ,1.17,Win
2026-08-07,65,1.1726,0.6115,14.9,2.2583,-0.2141,0.5133,テクノロジーチャレンジ,-0.3,Lose
2026-08-10,45,-0.2987,-0.0297,15.46,1.0214,0.8369,-0.327,テクノロジーチャレンジ,0.0,Lose
